Transaction_ID,Product_ID,Warehouse_Location,Transaction_Type,Quantity,Transaction_Date,Notes
ecd7b648-7423-43cb-b6ae-7c5ada697f6e,1013,Amelialand,Outbound,-426,2024-10-29,Damaged goods removed
e31da4d8-5446-464c-9516-a021b6180f22,1033,North Melissastad,Adjustment,347,2024-07-06,Damaged goods removed
473d6b2e-8b36-450a-80c4-f0885ea50a27,1036,East Terryfort,Outbound,-264,2024-06-04,
f401555f-7c2f-4676-b168-3368585cad93,1003,Marcstad,Adjustment,-199,2024-03-20,Routine stock adjustment
eb1f0825-30da-4d37-a440-da4787832779,1046,East Shane,Outbound,-421,2024-08-06,Outbound delivery processed
505f96ca-1181-4953-80bd-14e20ed15218,1040,Lake Francesca,Inbound,-246,2024-06-22,Shipment received
2753eb6a-a83f-4307-810f-54a52f10ddd5,1022,Mitchellfort,Inbound,-49,2024-08-25,Damaged goods removed
e0f00f77-983a-4ba4-85de-b37ef1f4a674,1023,Shawhaven,Outbound,-42,2024-11-20,Shipment received
9992b01c-b7e4-4613-973f-ddc76638240b,1017,Barryside,Outbound,-472,2024-01-13,
57997278-1738-4b7e-b2b6-55cb3652dbff,1002,Benfort,Inbound,-463,2024-10-26,Routine stock adjustment
7ef99d9e-3080-4738-b395-eb361ab6ec61,1019,Brennanville,Outbound,313,2024-08-20,Routine stock adjustment
4e0ba755-b6d2-424a-9402-c5ed9097cdcd,1005,Port Shaun,Adjustment,87,2024-08-03,Shipment received
f0a5541a-c743-4053-b5ad-002c250d2445,1010,Normanchester,Inbound,114,2024-02-01,Routine stock adjustment
dd92be89-8392-46fa-bf9d-f6992f6396ca,1031,Hillfurt,Adjustment,94,2024-06-08,Shipment received
c9b34f90-823a-4faf-9786-89a8423b5016,1037,West Trevor,Inbound,263,2024-07-26,
f9e62219-b507-47ad-8a28-146e2db5b81f,1012,East Carolinefurt,Outbound,246,2024-04-20,Outbound delivery processed
e7f52d9a-f81c-4ea0-99a3-ef34134c72e5,1020,Jodiestad,Adjustment,-259,2024-04-28,
d9fffc67-afeb-4462-8826-96f0218f52e4,1034,Alanport,Inbound,-141,2024-01-07,Damaged goods removed
fa6823b8-7fad-4001-ab08-437ec9e085be,1023,South Lesley,Outbound,348,2024-03-23,Outbound delivery processed
fe5b02d6-e1ac-4395-a4e6-6d1f5c6a6a19,1047,Lake Lewisberg,Outbound,401,2024-02-29,Damaged goods removed
256339bc-afd8-4b90-a321-abce4de24f23,1014,Port Mark,Inbound,229,2024-09-26,
d667d469-d4fb-4b88-93a4-b5e1dd91b06e,1050,North John,Inbound,-493,2024-06-04,
75019c4a-f6e7-4935-9f87-063a7d5d90eb,1002,Masonfort,Adjustment,132,2024-07-09,
3910f0fd-e6ed-41f9-943c-8e4aab77f832,1016,South Kateport,Inbound,215,2024-07-04,Outbound delivery processed
a587509b-e40f-4897-b182-3c1d4d34426b,1041,New Jill,Inbound,-480,2024-05-17,Damaged goods removed
527b41b4-b92f-495c-a7e0-42d8ebe979db,1045,Parkerview,Adjustment,-134,2024-12-10,Routine stock adjustment
3717175f-2b81-4f3a-b07f-6cd1dd7d1abc,1028,Graceshire,Outbound,-234,2024-07-29,
35501099-4f3e-4a62-a083-d833290932db,1007,West Leah,Outbound,-239,2024-01-22,
501b4468-6e30-4d32-97f0-dfd538b02758,1034,Reynoldsmouth,Adjustment,-133,2024-04-20,
c2d24b2e-4318-42df-95c4-e280d7652f3f,1023,Daviesstad,Outbound,-33,2024-09-25,Shipment received
d755ed4a-13d1-4a34-9996-ab504c584196,1021,West Pamelaberg,Inbound,-139,2024-07-01,Damaged goods removed
5608f6de-e7c0-4167-8a63-6c7ab40ed872,1047,East Charlie,Outbound,-215,2024-06-10,Routine stock adjustment
0e660cd8-cd1a-4a60-95b9-cad04b987890,1029,Abbietown,Outbound,488,2024-11-23,
8eb71073-eda6-4927-b453-7c849876d22f,1009,Alicefort,Adjustment,192,2024-06-01,
6575d278-adf1-4a82-a35f-42c76180f4e9,1010,Hallberg,Inbound,-244,2024-09-05,Damaged goods removed
8675c909-9f91-40d7-8928-2fc4478ed944,1049,North Chelseatown,Inbound,-318,2024-01-30,Shipment received
fdebdf6d-6b38-4b3f-9e4c-eedf05c8211d,1047,Lake Dylanberg,Outbound,-216,2024-10-02,Damaged goods removed
fdf2d82b-4d2a-47f4-8e1c-e585b823c23e,1015,Phillipville,Inbound,-474,2024-05-01,Shipment received
8ca17d85-166e-4347-83f1-b4f1c5d659d1,1008,East Kathryn,Adjustment,214,2024-03-30,
8d2c757c-1674-4ec8-a73d-c69287e14ec3,1030,East Phillip,Outbound,-28,2024-06-10,Damaged goods removed
349b00fc-60af-4da6-bbec-50905203f322,1001,Hayleyside,Inbound,-386,2024-09-10,
2c836051-3ea4-43ea-aab8-fbd3f77911de,1003,South Lukebury,Adjustment,19,2024-04-22,Routine stock adjustment
e1c6b4a6-72f4-48bd-9a24-be661a5214e9,1046,East Maria,Adjustment,-76,2024-09-21,Routine stock adjustment
8d79d8b7-4f9a-4c40-9bf7-2753ea21c5e7,1024,East Janicestad,Outbound,-421,2024-07-09,
d23d31d1-9602-4641-984c-0bd3502d4a13,1011,Martinburgh,Adjustment,-500,2024-01-26,Outbound delivery processed
a447f6cb-d10c-449a-8ab2-044a372f00f3,1015,New Paulineport,Outbound,-356,2024-07-14,Damaged goods removed
78cb266e-9605-4e46-b063-e39e29c44e43,1028,Collinstown,Adjustment,496,2024-03-18,Damaged goods removed
ebe31564-a367-4f6c-bb5f-7fafec9bc45c,1022,Port Naomi,Inbound,70,2024-06-17,Outbound delivery processed
20650a34-5856-443c-a0ad-c26c1e90299f,1029,Jonesshire,Inbound,-244,2024-08-27,
33698614-0da5-429c-85d2-0ce1669c0633,1012,West Maria,Adjustment,296,2024-11-19,
82e33da6-4b58-44e1-8395-54577e5a2566,1025,New Junestad,Adjustment,-434,2024-12-05,Routine stock adjustment
7242b214-ae22-4e3b-b2f3-1f916111490f,1044,New Geoffreyborough,Adjustment,491,2024-05-25,Damaged goods removed
dc224e66-d36a-4b4f-af80-8379b7110b9e,1003,Youngchester,Inbound,305,2024-05-18,Shipment received
81cae685-bb57-4ea3-b65b-4066f3fd064f,1026,North Stewartborough,Adjustment,-252,2024-01-22,Outbound delivery processed
abf5c470-778a-4ce7-9b83-384aac7ba1a6,1037,Port Rossstad,Adjustment,-453,2024-02-11,Damaged goods removed
0a1f9009-4612-4ca2-b6b9-d5e831729dcc,1044,Stuartton,Inbound,122,2024-11-22,Outbound delivery processed
d0874807-ee1d-4ca4-9a8d-afdd042e9451,1036,Bernardshire,Inbound,408,2024-01-31,Shipment received
c6484ce2-c3e9-48ae-b3e1-191a57b7c55f,1032,Geraldborough,Inbound,-349,2024-04-13,Damaged goods removed
67bef4a1-f64b-4785-bd2e-ea69faa5aa36,1016,Robertsberg,Inbound,-335,2024-10-09,
0da3e34c-0bcf-42e5-860f-23c0fb4cf3bd,1008,North Robertberg,Outbound,-277,2024-06-03,
ccb4e8cb-feff-496a-ade5-5fb5dfd620ad,1029,East Sarafurt,Outbound,-247,2024-03-18,
ad1ac63e-3c55-4a2e-b84b-ab1214d0c614,1014,Lake Jessicamouth,Outbound,417,2024-09-21,
a7b71bf6-1ad1-4b7f-9e56-cd2b2a23f447,1020,Zoefurt,Adjustment,440,2024-05-04,
a943e143-377e-42af-b98a-05944dd0105a,1025,Julieview,Inbound,236,2024-01-13,Outbound delivery processed
cbee1f88-53fd-430f-9368-ca73e2385ca3,1025,New Connor,Inbound,280,2024-04-06,Damaged goods removed
c34a9eeb-8bac-4f45-a710-d54e4b6b1d08,1029,Juliafurt,Adjustment,476,2024-11-10,
a7d0b177-fc99-4eef-9e81-9bc54cf995a8,1032,Reidland,Inbound,-488,2024-09-18,Damaged goods removed
8e69f3ed-05d7-45bf-acf0-a5b620dbac7a,1010,Port Ronaldburgh,Inbound,-83,2024-07-13,Outbound delivery processed
9cc10872-df11-434a-8bc8-4c58c09ec815,1001,North Ross,Outbound,8,2024-04-24,
21e6bcd3-446e-4824-a81e-17193e147d17,1032,East Joan,Adjustment,-349,2024-09-13,Shipment received
f1952ef6-6d28-4d53-a823-f22d35ff9b5d,1029,Michaelfort,Outbound,427,2024-04-29,Shipment received
c548ea88-5d7a-4836-b4de-4e60339c5316,1015,Martinfurt,Outbound,494,2024-07-27,
95b3daab-c2ae-478d-9b1d-12476cf540c7,1036,Racheltown,Inbound,-256,2024-04-27,Shipment received
13c05a5b-0e66-41a9-8fcd-2bc33ddaecf6,1033,North Glenntown,Inbound,-206,2024-10-04,
3904df73-8b1e-4545-8835-a2df0c2581a3,1008,Goodwinton,Adjustment,336,2024-09-15,
bf19f15a-ee87-4abf-b5fb-4f002e9711a1,1013,Lake Staceyborough,Adjustment,114,2024-12-07,Damaged goods removed
f8597bce-0d74-4a6f-b4e0-d0f2bb28781f,1034,South Georgina,Inbound,-161,2024-02-27,Outbound delivery processed
14d52904-9c10-4de5-b0ef-e3ed6ee9e087,1026,Port Sarah,Outbound,-322,2024-06-24,Routine stock adjustment
ac1c329a-1f03-483c-877e-d5fa3ebd8728,1006,West Rhys,Inbound,-4,2024-10-22,
4fba6e1a-0c41-4841-888d-043fc472a60b,1018,Derekstad,Inbound,485,2024-09-12,Routine stock adjustment
31a6365a-8498-43ff-b527-bd67223a1ae4,1001,Carolechester,Adjustment,-331,2024-05-19,
46d287f6-7e56-4a4f-a348-2f0f211d0b68,1039,Smithberg,Outbound,413,2024-01-08,
d1fc77de-512e-4e2b-9113-0d065dee6a55,1037,South Marian,Outbound,-218,2024-06-06,Routine stock adjustment
8dcdf2dd-4448-4bb5-9982-31d8e8ec1cf4,1050,East Naomimouth,Outbound,-342,2024-05-19,
61b0031a-420c-4766-abca-c7d1aa0ec93d,1039,Lake Timothyland,Inbound,2,2024-11-22,Outbound delivery processed
a941d246-518d-48d5-8a2d-5ff03ce58774,1042,Port Guyburgh,Adjustment,349,2024-02-28,Damaged goods removed
fb52026e-8969-476c-a294-1fd01f5d9b25,1007,Eileenborough,Outbound,239,2024-09-18,
5b671c25-b1af-4fb1-9909-2061194e5766,1004,Port Martyn,Adjustment,87,2024-06-06,Shipment received
b1c31adb-a88f-497b-a511-41c57c461fee,1036,West John,Adjustment,397,2024-01-31,Damaged goods removed
cddfbd54-83a9-4428-a083-5a52a8fc9799,1031,New Kathleenview,Adjustment,223,2024-05-25,
ddff6878-1596-4e1a-9368-db6ab2a1bcca,1045,Lake Paulineborough,Outbound,15,2024-11-08,
40f00495-d29a-469c-a486-29ff8d0768c6,1010,West Neil,Inbound,-90,2024-06-10,Outbound delivery processed
c21b2bae-3ddd-4d2e-9d0b-179c162281a1,1043,New Abbie,Outbound,195,2024-01-11,Shipment received
40957a5c-35de-44d0-8a66-751089c4c266,1011,Dunnfurt,Adjustment,-322,2024-01-06,Damaged goods removed
a7d80460-ee6f-41ec-be23-ae19d2d1ed67,1042,Port Vanessa,Outbound,-89,2024-08-14,
3ba6125d-8dcc-4819-81bd-91dd0b877364,1035,Kylechester,Adjustment,391,2024-03-12,Routine stock adjustment
e6490d82-f05e-4d55-ac6c-1527f4d4111e,1036,West Anneshire,Outbound,151,2024-06-13,Outbound delivery processed
2013801b-d951-4fa4-b116-5cee5da35023,1023,Leannetown,Outbound,467,2024-09-03,
026b58bf-0ea0-4daa-bdcb-df2249b34838,1038,South Ben,Inbound,-445,2024-02-20,
fd822b6d-ea9e-456e-a9d5-67611c446021,1035,Lynnside,Inbound,368,2024-01-12,Outbound delivery processed
1ab716f3-69cc-4280-a33e-48625e013141,1045,North Luke,Adjustment,-353,2024-02-27,Routine stock adjustment
283c0636-4b1b-4676-9cfc-f469c804ca87,1018,West Katherine,Adjustment,-186,2024-06-06,Shipment received
66df502f-7524-44b6-afa8-55795956544c,1031,East Janeton,Outbound,360,2024-09-06,Damaged goods removed
d780c64b-52f2-4e7e-8916-a4bab72df038,1042,West Teresabury,Outbound,315,2024-03-24,Shipment received
f73548b0-e5b6-4e05-ab51-d21b74e37bba,1012,Dannyborough,Outbound,-5,2024-04-08,
4865732d-3da5-4957-997d-f0f185319119,1035,North Danielleland,Inbound,38,2024-11-08,Shipment received
4d372767-8a2f-4dfc-9a2d-06ef8ff73590,1036,Knighttown,Inbound,359,2024-10-31,Routine stock adjustment
f0b25d64-8fe4-4f31-abcc-c60e240fa9b3,1033,Bradleyborough,Outbound,242,2024-11-12,Outbound delivery processed
d8700741-cb09-4c08-8964-9a7c470bdf6e,1038,West June,Outbound,-418,2024-06-14,Outbound delivery processed
9c9720db-c083-463b-aed9-da454a7e2f9e,1020,Coopertown,Inbound,98,2024-04-27,
7be68b59-457a-441f-a7f9-89a98d112e97,1031,Johnsonshire,Adjustment,243,2024-06-24,Damaged goods removed
fca97fd2-dba5-4e0a-8f37-4e543d021636,1046,South Clare,Outbound,224,2024-06-09,Damaged goods removed
3381a3a2-a8bd-45fc-af41-96ba494f04fa,1048,West Susan,Inbound,-76,2024-03-18,Outbound delivery processed
6fc98475-2363-44d4-997e-aa3b34720e7d,1003,Nathanland,Inbound,-198,2024-01-17,Shipment received
81ed9b5d-8cb0-4244-a2e2-4567a8ff7f1e,1022,New Kim,Inbound,-234,2024-04-04,
cdb978e2-8cb2-4bee-a50b-73319942f312,1014,New Bethanyborough,Outbound,167,2024-11-16,Routine stock adjustment
f63e5177-57fa-4964-85b1-dd66158c45f4,1007,South Patrick,Adjustment,294,2024-07-03,Routine stock adjustment
2e492203-f5de-40be-b827-371e032bfd0c,1009,Lake Ianmouth,Inbound,-203,2024-10-04,Outbound delivery processed
b346b079-b4dd-4284-90d7-2e833ecc2df0,1040,South George,Inbound,170,2024-08-25,Damaged goods removed
72941782-0ca0-4b61-802c-6f308b25d731,1001,Rachelstad,Inbound,-279,2024-09-29,Shipment received
8dfe3b78-bc15-4b1e-bf69-ece5fa6e9de7,1022,Lake Alexandra,Inbound,-12,2024-07-29,Damaged goods removed
3666da8b-6ac0-4d60-a6fd-bd44fa1bc851,1006,Thomasburgh,Adjustment,-185,2024-03-27,Routine stock adjustment
bbd2d2ad-6e7b-4607-83cf-21321053d949,1035,South Karen,Outbound,-295,2024-04-29,Shipment received
b441d809-67bb-4bf4-af74-013438ae4255,1043,South Karl,Inbound,424,2024-07-29,Routine stock adjustment
27a99cd7-032c-42e3-8742-ef4b549e101b,1015,North Judithborough,Outbound,225,2024-05-13,Routine stock adjustment
c099b244-46da-4874-8921-56b551fcb67c,1011,South Denise,Adjustment,31,2024-03-05,
f4afd009-b237-461c-8dcd-7735b165c06b,1003,Lake Kellyfort,Outbound,272,2024-01-08,Damaged goods removed
2f0dc55a-2921-4fe2-afbc-4ae084b506da,1044,South Yvonneberg,Inbound,368,2024-08-01,Damaged goods removed
1808c362-afad-4a87-8236-5ee447f65306,1027,North Jordan,Adjustment,223,2024-08-11,Outbound delivery processed
3689bd46-0a41-41d8-8c6a-a5b5f1f81a34,1046,Port Garry,Inbound,66,2024-01-30,Routine stock adjustment
033e0cdf-3632-4c63-931f-790e4f7d17bb,1021,South Ryanport,Outbound,-27,2024-06-27,Outbound delivery processed
3b5c3e1f-6e44-4639-a35a-30f226ecd9fe,1035,Stewartburgh,Inbound,132,2024-07-31,Outbound delivery processed
0d9b866c-ec0b-4a27-b32f-46cca2e0c9d7,1017,Joshshire,Outbound,-62,2024-04-10,Routine stock adjustment
63b4ba4e-39cd-477f-9af7-99770dbc63e2,1033,Jonesborough,Outbound,62,2024-06-16,Shipment received
7ea6e235-3d02-4215-9f59-0e26d47b8168,1011,Clarkemouth,Inbound,-496,2024-01-02,Damaged goods removed
46326089-2e40-4ef1-86d3-126155cdc713,1049,Jennahaven,Inbound,306,2024-05-07,
44ef990f-578a-4fa8-902d-73d086953570,1033,South Oliverview,Adjustment,423,2024-07-20,Outbound delivery processed
05833763-1a0b-4d22-bd48-47581b116986,1003,Lake Emmafort,Outbound,-430,2024-06-13,Damaged goods removed
b670877f-5adf-4b0f-a5a2-84dd6621edaa,1049,Robinsonview,Inbound,467,2024-02-29,Outbound delivery processed
ed9d29d6-be3b-42fe-bbb5-db0717f4e4a0,1017,Yvonneside,Inbound,19,2024-06-16,Shipment received
0c4f081c-190d-4755-9cc0-84820fcf5334,1031,Walkerburgh,Inbound,-176,2024-07-20,Routine stock adjustment
b930a344-04e3-45be-92e4-25b03fca8de8,1018,Louiseview,Outbound,440,2024-09-09,
3257f361-2f86-430b-8ad8-48396e207a4d,1042,East Eileenfort,Inbound,179,2024-02-17,Routine stock adjustment
94e3b689-58fc-4eac-8e68-4992f6bc2298,1042,New Allanview,Adjustment,-123,2024-10-29,Shipment received
81bf692b-3688-4994-a3bf-b7dcc6c167f5,1044,East Sammouth,Adjustment,-51,2024-08-13,Outbound delivery processed
99965bfb-a1da-40a6-a59c-d687e6cfbd00,1012,Lewismouth,Inbound,314,2024-10-12,Outbound delivery processed
ea1915e2-1a65-44ac-b63b-b7af9d63b72b,1010,Bondshire,Outbound,215,2024-08-29,
de186d5e-b954-484b-ab3a-44e2987c1236,1027,West Neilport,Adjustment,-403,2024-06-05,Damaged goods removed
588b0ae3-dbb8-470e-8acb-247b9cb840e9,1009,Hannahburgh,Adjustment,-187,2024-09-11,
4bf73f3e-6864-4809-8dfe-404aaa0cd660,1023,East Jeffreyborough,Outbound,38,2024-10-20,
a923a880-4b30-4e19-828c-9cd08db4898c,1035,South Vanessa,Inbound,-134,2024-01-15,Damaged goods removed
fa145f50-a7b1-49b9-8fa0-50ddc7feef13,1016,Claytonview,Outbound,-143,2024-10-13,Damaged goods removed
2f6687da-ecb8-4fac-9108-0ad58d3dfb13,1024,Port Debra,Adjustment,-327,2024-05-17,Shipment received
76991fac-7f4e-4cd3-96e1-eda4fc9de05e,1041,Carolynhaven,Adjustment,-345,2024-05-20,Outbound delivery processed
f174f298-4e94-4bb7-bc06-5f4aecb02ff8,1049,Gordonland,Adjustment,446,2024-01-11,Damaged goods removed
96acce86-7873-4500-b1a8-8de620bc6aa7,1041,Maxbury,Adjustment,39,2024-11-18,Damaged goods removed
df0af9df-0eaf-40f7-9421-8b77c1291d4c,1017,South Jeffreyville,Outbound,158,2024-02-08,Outbound delivery processed
c345c0da-007a-41c8-b959-7793e31eaf6f,1044,East Zoeshire,Adjustment,-421,2024-08-21,Shipment received
4a220c07-f9ba-4d8d-a6a1-83d396329b03,1004,West Jason,Inbound,-201,2024-01-20,Damaged goods removed
a57e247d-f26a-4f76-9215-b64621c751d8,1029,Patriciaberg,Outbound,-136,2024-02-17,Routine stock adjustment
7cea700f-4e0b-4942-ac3b-e5c9851a299f,1042,Boothport,Outbound,-306,2024-01-07,Routine stock adjustment
a2067e4d-7f6e-4fb6-95b3-96a822f6d0de,1010,East Brett,Adjustment,-278,2024-04-27,
b1e21a9f-9f0d-4097-9c92-e6262e8f2e19,1044,Morgantown,Outbound,359,2024-04-27,
099b0906-5e4f-486b-9043-27bf24d47e70,1034,South Marc,Adjustment,-67,2024-03-18,Routine stock adjustment
678eb44c-08b2-432a-9315-c5b47400998b,1036,New Lindafurt,Outbound,-451,2024-11-01,
88d35344-294e-424b-94cc-1e97d331d5fb,1034,East Rebeccaview,Inbound,72,2024-05-29,Outbound delivery processed
68640357-7614-4969-ab0c-85affcbc741b,1008,North Sylviaburgh,Adjustment,245,2024-05-15,Damaged goods removed
7ca36096-ef8c-4f7a-8437-f8a7e5dcf68a,1023,Bentleyfurt,Outbound,-442,2024-08-17,
c5ae4044-f256-4290-8ed5-8d67bbbe877e,1048,New Peterfort,Inbound,-405,2024-11-27,
a094a6bc-1639-4d94-a96f-19e82f5a96ea,1004,West Jodieton,Inbound,382,2024-11-22,Damaged goods removed
64676255-24d4-4ca3-80df-b5d705a3dce3,1007,East Darren,Outbound,215,2024-09-06,Outbound delivery processed
3c293cb7-b336-42f8-a462-dc181f668f68,1049,Robinsonberg,Outbound,-491,2024-09-01,
525284cb-87af-417f-9a37-11d70295c9ad,1039,Lake Sam,Outbound,-265,2024-09-24,Routine stock adjustment
49d960c8-10c0-441f-a116-32899c891726,1007,New Amber,Inbound,-496,2024-11-26,Shipment received
30677c10-4a39-4b05-81de-444487aabde6,1021,Whitehouseview,Inbound,469,2024-02-24,
12e46581-77cd-4e61-becf-e4fdceb6ea35,1004,Rebeccaburgh,Outbound,-237,2024-08-01,Shipment received
0301ab4f-c291-4219-9f2a-ab421788d1c3,1045,Sheilaport,Adjustment,-147,2024-09-05,Shipment received
73135165-1c46-4be4-8494-f8099f2a927d,1014,Port Georgeview,Adjustment,141,2024-02-09,Outbound delivery processed
a75d7e36-371b-4565-a440-585cb3ab6746,1016,Owentown,Outbound,-466,2024-06-30,Shipment received
c0d0e2ab-0c8e-4c7b-bcd8-2138d3f9610a,1008,South Geoffreyview,Adjustment,-391,2024-11-28,Shipment received
1044c0f4-1b32-46dc-8b80-52ac7ce3d416,1040,Andersonstad,Outbound,-301,2024-12-10,Damaged goods removed
3b6588e6-2380-4a66-910a-dc42497f37bf,1041,New Bradleyport,Adjustment,-85,2024-10-14,Outbound delivery processed
11a2cb36-8ee4-4249-bf7c-5f899e0c511c,1018,Anneport,Inbound,-238,2024-02-13,
594f7a1e-a1b9-4914-b605-fc36c6354977,1047,Lake Georgia,Outbound,447,2024-08-05,Shipment received
c0a46f15-2bcd-41ba-9fd9-da8ddf982d1b,1040,South Victor,Outbound,177,2024-04-12,Routine stock adjustment
841e46ba-fb86-4ae5-8949-b478627b47ba,1035,North Elainetown,Adjustment,280,2024-11-15,Shipment received
437f2bed-ba27-4709-a6c3-0461eb3b45ac,1012,Lake Stacey,Outbound,143,2024-06-06,Routine stock adjustment
0f8dd277-6c66-45f4-9367-be914683d8f4,1030,East Carlyville,Inbound,-37,2024-07-22,Shipment received
42116b3a-21f0-49c8-b07b-25d685ec7da3,1038,Woodchester,Adjustment,221,2024-08-28,Routine stock adjustment
699aefc1-e43e-410b-a0c9-5e66b2285239,1024,New Emilyburgh,Inbound,287,2024-02-05,
714db05c-b74b-4d4b-a93d-50254b1f425e,1002,East Mohammadton,Outbound,-350,2024-10-31,
a34013f0-0593-4b79-920b-baaca48de742,1040,New Alextown,Inbound,261,2024-03-08,
19481146-9c44-4295-944b-54cd6d7a2100,1021,South Lorrainechester,Outbound,64,2024-08-15,
d6b3a085-8b0a-4cb0-a314-7d1d67723f7f,1049,Tracymouth,Outbound,486,2024-04-21,Routine stock adjustment
704af68b-6970-4179-8877-0674bf77fce3,1042,Lake Rosie,Outbound,320,2024-04-07,
ef30c336-97b4-403d-a8e1-f7d9b0610a2a,1015,Glovermouth,Adjustment,101,2024-09-17,Routine stock adjustment
d357600d-0dfa-40cd-a2f9-613d1bb4f795,1045,East Guy,Inbound,48,2024-06-10,Shipment received
e5d6ee51-e0bc-4b1a-9a63-19a0182414e6,1004,North James,Outbound,417,2024-03-02,
5fc35432-a188-4106-b58e-b2c0469a8e24,1038,Lake Sharon,Adjustment,190,2024-09-26,
4994fc1c-56b4-4916-9113-14ee859055c7,1041,Lyndaland,Adjustment,415,2024-09-02,Routine stock adjustment
b4069af9-698d-4641-bc8b-0da93df16eba,1044,New Allan,Outbound,81,2024-10-28,Damaged goods removed
5d4468ed-36d7-4d4b-8de3-927858eac561,1030,New Lydia,Adjustment,4,2024-01-23,
1d589eec-bf84-4c41-8bac-f087211c0d50,1026,Port Jade,Adjustment,-14,2024-09-03,Routine stock adjustment
30a41b54-4551-4b9c-90ff-3812ae36c4b0,1041,East Ronald,Adjustment,370,2024-06-07,Shipment received
e023e347-fafe-40e3-bc2d-f8434850b7f9,1044,North Nicoleton,Outbound,-275,2024-08-10,Routine stock adjustment
8f673719-b77d-4997-81bd-e7ead23f13ab,1008,South Wayneberg,Adjustment,389,2024-05-08,Outbound delivery processed
9145af02-964f-463d-9402-e612a1cf8a84,1017,New Oliviaview,Adjustment,416,2024-10-05,
7ba50d6e-5d41-48c2-91c8-08e3802cf388,1002,Stoneport,Inbound,458,2024-08-11,Routine stock adjustment
967a80b6-142e-4d6e-9781-81d0859c996a,1002,North Declanberg,Outbound,-380,2024-08-25,Damaged goods removed
941bab47-ef03-4c2e-ac1c-c038e2e6057d,1049,West Sianfurt,Inbound,419,2024-02-11,Damaged goods removed
c9485584-3a79-4a82-9e08-464d66a4ca4f,1037,Greenport,Inbound,22,2024-11-13,Routine stock adjustment
c890fae9-ef3c-47e9-b2a0-1fe83a4a030f,1004,Watsonshire,Outbound,491,2024-01-30,Routine stock adjustment
7729a801-1001-4c9a-9eae-6fc560174085,1006,Hollieview,Inbound,-458,2024-03-16,Shipment received
1f942e8c-16e9-4233-b6a6-f5199eada1c3,1003,Robertland,Outbound,328,2024-07-08,
09675be1-9052-4329-8c88-794e24c8e8bb,1048,Mohammedfurt,Adjustment,-146,2024-05-28,Shipment received
eb876a68-11f9-403f-85b2-c53860866866,1021,New Denisfort,Outbound,70,2024-08-21,Damaged goods removed
36b959a8-4f72-4d7f-a34c-1cf6a62784e4,1009,East Jacquelinechester,Outbound,9,2024-04-25,Shipment received
45506d53-a9c4-4613-af8f-06e41cd8bb5e,1035,North Sheila,Inbound,400,2024-10-09,
f76ba909-0f0b-4b19-8f5f-8575d8d034b8,1022,Smithstad,Adjustment,382,2024-11-26,Outbound delivery processed
3aabcbbf-92fb-4f67-ae3c-98e8240efe95,1019,Iainport,Adjustment,19,2024-05-06,Shipment received
fdc5a5ad-1938-4b2f-b135-0653e1c52419,1002,Carlyview,Adjustment,250,2024-11-04,Routine stock adjustment
885c59b7-7969-40b7-85d3-6665a3d47eb0,1020,Lordbury,Adjustment,231,2024-07-27,Damaged goods removed
8ba10ca9-c9c2-4ec9-a785-6b9fcb3de4cb,1029,Ambershire,Outbound,-248,2024-11-23,
bcb01ff9-0232-4b7c-8cce-1dfd1589a593,1010,Lake Rachael,Outbound,-339,2024-05-15,Routine stock adjustment
48d43db0-97b6-45b2-b97a-51e1cbe64a7d,1024,South Robinbury,Inbound,-398,2024-10-30,Routine stock adjustment
5418f30e-1b70-47e4-85a2-68a75e6fac57,1028,Graychester,Outbound,-149,2024-01-19,
5fc56039-f9fc-4f05-b1d6-d36d993d13f2,1010,North Edward,Inbound,117,2024-05-10,
4523d6be-7cfd-48fa-97ff-fbc16ab73da7,1015,Ballmouth,Inbound,99,2024-03-17,
135e2aae-7e02-4d35-8840-a9834c5fd686,1029,Gardnerbury,Inbound,-64,2024-10-09,Routine stock adjustment
519f5f9e-caa1-42bd-9f93-dcd897f5aa35,1003,East Sarahfort,Outbound,284,2024-09-23,Routine stock adjustment
3550e0f5-2f76-4a0e-98f3-07506081f3b4,1047,Lauraberg,Adjustment,260,2024-02-22,Shipment received
82c6d398-cd3f-48f4-9b2d-71f28a64ed02,1038,West Lynne,Adjustment,-424,2024-10-19,Routine stock adjustment
26d8a825-701b-481f-af76-4cb94cb87380,1025,Lake Leannefort,Inbound,-105,2024-04-15,
c27e2247-afe8-424f-aec9-c840abed4310,1007,Khanstad,Adjustment,248,2024-04-04,
646af375-3c28-4891-93a8-6ba4e8d93c5a,1036,Grahamtown,Inbound,74,2024-05-16,Damaged goods removed
682c4bbe-b67c-472c-96f5-24a32488aec0,1025,Turnerfurt,Inbound,121,2024-01-07,Outbound delivery processed
2f28c762-9f75-4694-83d5-5977fce6bcf1,1036,Porterbury,Adjustment,51,2024-05-10,Damaged goods removed
09c602be-44d5-4ec4-be8c-228c8847b103,1029,Naylorfurt,Inbound,496,2024-09-17,Outbound delivery processed
7ac6fc6e-6187-44c4-b9ee-74a9c32f7fcc,1018,Westonside,Outbound,-285,2024-04-04,
66fd6641-5781-40c1-b146-4c24dfdba44e,1039,Melaniemouth,Adjustment,323,2024-11-10,Routine stock adjustment
ad6fa68e-c8f0-4839-a2f5-865f5249870a,1028,Blakeshire,Adjustment,-203,2024-10-19,
c15016fc-5b1f-4925-a231-d691e4fd4fda,1022,Sharonside,Adjustment,-145,2024-10-29,Damaged goods removed
246770bf-081c-45b2-8afc-b32713d097a5,1013,Jeremyside,Inbound,308,2024-08-11,Shipment received
d4666c15-d38c-4ef8-9fb3-43021d5b2ace,1032,East Lynne,Inbound,-355,2024-12-03,
b48d20c4-981f-479a-9e46-25605a065443,1047,West Davidtown,Inbound,312,2024-06-18,Outbound delivery processed
2cad1cfb-9541-4f80-913e-22648b1e8c63,1042,McCarthyville,Inbound,437,2024-11-06,
0c614f17-df0b-4daf-8df1-b265ecfd107a,1030,Lake Marion,Inbound,471,2024-02-19,
83dd548e-5fb8-4515-9705-109b201e2d84,1014,Robertschester,Adjustment,-417,2024-04-12,Damaged goods removed
4b18764f-14cf-4676-9562-3abcedd93600,1015,East Angelafort,Outbound,-124,2024-03-25,Damaged goods removed
b41a3150-969e-4fcc-ace0-a351bf4c9be1,1005,Miahstad,Inbound,325,2024-05-08,Shipment received
7a768398-817c-45f7-bfcb-91289e3c9431,1038,Josephtown,Adjustment,-98,2024-06-12,Shipment received
dbd2cb0c-8a8e-4bc7-9cc6-83bf304480ab,1027,Smithmouth,Adjustment,-207,2024-09-20,Damaged goods removed
8cd20a03-1618-4ccd-9809-23b827cb4bbe,1046,South Abigail,Adjustment,-238,2024-11-27,Shipment received
33793dd7-75a2-439f-8b10-4014b10ffc1d,1047,East Emma,Inbound,152,2024-09-01,
2c313001-d3db-413c-ab04-67791d8f7742,1028,Vincentshire,Adjustment,253,2024-04-01,Outbound delivery processed
c691e3b9-d867-4d34-bcb9-30d171824d29,1012,Brownbury,Adjustment,245,2024-04-01,Shipment received
86861008-7bc0-476b-9aed-79b8dedfaa57,1025,Arthurhaven,Adjustment,287,2024-06-22,Routine stock adjustment
b0840ac2-a278-49b9-b146-d43a43651cc7,1032,New Briantown,Inbound,486,2024-10-17,Shipment received
8f684589-1ef4-437b-93b3-441cf4f73410,1010,East Kirsty,Adjustment,-466,2024-03-12,Routine stock adjustment
3b8c699e-164b-46c5-a9b6-84093b678f6e,1037,Coxmouth,Adjustment,-234,2024-06-06,Routine stock adjustment
baa31dfc-daa2-40d2-8839-3227d20b1700,1015,South Katystad,Inbound,94,2024-12-04,Routine stock adjustment
86b1bb67-a96f-4a83-8689-ed2f887525d0,1015,North Garethville,Inbound,-182,2024-03-01,
7ce6e76e-6af6-4796-8af6-20a7f0657334,1030,Sophiestad,Inbound,-129,2024-08-13,
19e234c4-6a79-44b9-99be-13c421ace18f,1036,Debrastad,Adjustment,-77,2024-03-11,Routine stock adjustment
a1a620f8-7ed2-4dc5-ae0b-9915182bff9f,1034,New Duncanville,Adjustment,-478,2024-01-03,Routine stock adjustment
833713cf-30a4-4106-bcf2-cf5d3f92ace5,1010,Port Raymondton,Outbound,-443,2024-07-31,
b4d6f02d-8296-48ad-a974-82d5ab4bd685,1025,West Deantown,Inbound,-216,2024-03-25,Shipment received
f23cab26-303a-4118-833f-c875d2a64db4,1046,O'Connorside,Outbound,-251,2024-08-02,Damaged goods removed
95c21cdd-c83d-4724-8613-d43244e6ced0,1008,South Neil,Adjustment,-255,2024-03-21,Damaged goods removed
0cc90df6-7dc2-4c2f-8dbe-0eae06e1ab0a,1007,Lake Marieshire,Adjustment,-93,2024-07-08,
b4a0d815-8852-4860-9a1a-8ff703cca7b7,1037,Shanefurt,Outbound,457,2024-09-26,Routine stock adjustment
b7c79014-5df7-40c3-8031-1724b2d2f038,1023,East Frederickfurt,Inbound,-480,2024-01-21,Damaged goods removed
8489cb88-aedb-433b-adff-d902d6aec45a,1013,Morganhaven,Adjustment,233,2024-08-04,Routine stock adjustment
3d218940-b00b-44d0-8543-ff9d3d4f3878,1017,Port Jemmaport,Inbound,380,2024-05-17,
a6b599ec-f628-4e17-9ec0-e1272d59f1c3,1012,Eileentown,Outbound,171,2024-02-27,Shipment received
2439b0ce-a3db-48d8-b187-606dd7d8a966,1041,Donaldburgh,Outbound,-189,2024-10-22,
de869081-9310-45e5-bb3c-ae0f9f252a80,1044,North Danny,Outbound,487,2024-03-21,
3a7c2752-059f-455f-85ef-1a92e7a879f8,1001,Port Phillipview,Outbound,201,2024-01-28,Shipment received
c7735456-52b4-4eb2-a7c7-3714cd93a96c,1024,Nigelfurt,Outbound,459,2024-07-23,Shipment received
6e1c08c8-7e5d-4b28-b157-dfaee55efdfe,1009,South Bryan,Outbound,-4,2024-03-30,
a8bcec16-275a-4722-895d-eec3d2c4c135,1011,North Jayne,Inbound,399,2024-02-03,Damaged goods removed
1fa70060-2872-4a62-ac04-9c0b0dd34615,1013,Port Andrea,Outbound,310,2024-01-03,Routine stock adjustment
91d7373c-081c-4774-a9f2-d739920ce7cd,1014,North June,Inbound,-10,2024-05-02,Damaged goods removed
2978dc33-0575-4776-9681-9ae2d50baa8d,1043,Lake Jonathanville,Outbound,-83,2024-03-02,
cb1d3354-7a89-413a-9bc2-18dfd6c5867e,1012,Smithland,Adjustment,-148,2024-11-12,Damaged goods removed
fe897e6e-3f44-44b2-a3f1-7c224020e950,1030,Evansstad,Inbound,476,2024-11-29,Routine stock adjustment
5bce9b7c-63bc-4471-91af-619302f127aa,1001,Beverleyberg,Outbound,34,2024-07-09,Outbound delivery processed
b3d0619a-8651-4b9f-9d80-e98eb99028a0,1044,Hazelstad,Inbound,142,2024-08-14,Routine stock adjustment
438add68-b6e5-46e0-ba62-bcb81dba8cb7,1018,New Dean,Outbound,-69,2024-02-13,
e2f09a7b-1c99-4434-aec4-7578df553e3c,1023,West Ronaldfort,Inbound,-102,2024-04-19,Outbound delivery processed
ab69ac99-75be-4e47-b0cf-7fccd7331b66,1039,Margaretburgh,Adjustment,-99,2024-08-10,
2079abf2-d56b-4d20-b248-4e4319acc121,1016,South Hollieville,Inbound,-27,2024-04-20,Routine stock adjustment
29a29b0f-56fb-4097-b84b-b10179bd5312,1016,Chapmanfort,Inbound,348,2024-03-15,
a0805780-e2c6-4d98-93b0-ea9654eea45b,1041,Josephville,Adjustment,337,2024-08-24,Damaged goods removed
6f01880f-e9a7-4a36-a75c-d8caa2d3b955,1044,Johnsonchester,Adjustment,-256,2024-03-05,Shipment received
f444b8b6-928a-43e6-bd20-dba640f28af8,1009,Brownland,Adjustment,-133,2024-10-31,
1cb8078c-448f-426b-a60a-ce0e532fa8f9,1014,Dianastad,Outbound,55,2024-09-30,Shipment received
933932c0-786e-4572-bf08-bbcaf7f10af9,1044,East Caroleview,Adjustment,23,2024-03-17,Routine stock adjustment
d7bb917b-2638-455a-a65f-ed9de2088894,1030,West Jane,Adjustment,-323,2024-02-03,
b6d8eb82-1fc1-4765-82cf-3b80bbafd979,1001,New George,Outbound,-390,2024-07-18,Shipment received
451db039-063e-4b74-b983-2631381f7799,1049,Robertsburgh,Outbound,-194,2024-08-14,Damaged goods removed
808bce31-be6a-4534-beef-67400cc6d1c0,1048,Lake Sianmouth,Adjustment,-284,2024-08-27,Routine stock adjustment
fc8d1c72-9bf5-4dc5-8a3d-537e03d956e9,1011,West Chloe,Inbound,-212,2024-05-02,Outbound delivery processed
9fb28ef4-9623-4b44-a34f-4a8650bed82b,1001,South Jennaborough,Adjustment,-181,2024-10-03,
1966e36a-706c-4424-aa39-736a7eedf667,1044,Lake Sara,Outbound,-307,2024-10-26,
bf51ff7a-e672-49bc-a2c1-ce03b3827da1,1005,Tonyshire,Adjustment,-188,2024-08-24,Damaged goods removed
1870f4ed-a721-477e-b1ad-93d7fa164414,1031,South Francescahaven,Outbound,215,2024-10-17,Shipment received
533260ca-a66f-4452-a895-bd7eccd3b183,1032,Glenchester,Inbound,441,2024-01-16,Outbound delivery processed
1efcb26d-fd1e-444d-b882-8f4a8b91fbff,1010,Lewisbury,Inbound,201,2024-04-26,
a0859614-9e89-40ba-a5d3-2cfdcb0f8600,1021,Nelsonshire,Outbound,-175,2024-10-10,Damaged goods removed
bc3af9c3-331c-4981-bcb9-66728b7d7a74,1035,West Frederick,Inbound,-335,2024-03-28,Damaged goods removed
d86663ca-86e9-4001-a531-2eba1729f7e6,1029,South Suzanne,Adjustment,418,2024-11-18,
9214495c-70fb-4599-8972-450789d3b01e,1004,North Janet,Adjustment,46,2024-03-02,Routine stock adjustment
e72ec7cf-a0fc-4da4-903b-7b1411b386c2,1019,Bakerton,Adjustment,-74,2024-06-26,Routine stock adjustment
a7cd21f9-1b83-4edc-aa2a-17a82e486e23,1004,Guyfurt,Inbound,-427,2024-07-28,Routine stock adjustment
bd26ad7f-75a2-4045-83ea-72b09c1c8f60,1037,Davidland,Outbound,-189,2024-06-30,Shipment received
49ac1ef4-cab8-4afa-9960-5305d9cabc8a,1005,Lake Declan,Inbound,167,2024-07-11,Outbound delivery processed
3bda7e94-6741-43bd-bfd2-f0c6ace4fad0,1036,Cherylchester,Outbound,-468,2024-09-06,
5758dd29-236b-40e4-9f03-7fd0d621d215,1045,East Jane,Outbound,305,2024-06-13,Outbound delivery processed
bd7fc654-d068-490c-85de-39d139070058,1009,Port Jessica,Adjustment,-426,2024-04-01,Outbound delivery processed
b0504b3e-d136-43b2-a5f8-7a930d253a25,1032,Hillberg,Outbound,343,2024-07-21,Outbound delivery processed
24093bd8-944b-49ce-aa13-5c2bda7347b6,1048,West Guy,Outbound,256,2024-10-05,Damaged goods removed
2a106b63-76a3-4d3d-9db1-556d7ee5e6c1,1043,East Frederick,Adjustment,-407,2024-08-20,Outbound delivery processed
f82f7d6a-18f9-4eda-a1e5-1e2027fe3449,1031,Jacquelineview,Outbound,182,2024-10-19,Routine stock adjustment
dac40c6d-03f5-4e34-b194-f66291d2c91f,1002,New Richard,Inbound,150,2024-01-24,
28549f98-b6f4-43ac-9c0e-9532166fc481,1041,Maxton,Inbound,-16,2024-05-04,
b7798b6e-9f12-401a-953f-bef83cb891b6,1001,Middletonhaven,Adjustment,-249,2024-07-11,Damaged goods removed
cd30b1a7-d15e-4e40-88ad-bfb4847568cd,1034,New Jenna,Adjustment,411,2024-08-06,Outbound delivery processed
c30c526e-c0e4-4b89-9b94-c1919529352d,1044,Johnsonburgh,Adjustment,-176,2024-03-27,
35fae2d3-868f-44dc-868f-6ff4f05eb65f,1031,Peterfurt,Outbound,72,2024-02-29,Damaged goods removed
a5cf3f01-959a-45a4-85da-57989950b9e0,1036,Newmanfurt,Adjustment,-325,2024-09-02,
69b961c5-64c2-4853-80aa-30037c6cfbe1,1024,New Darrentown,Inbound,26,2024-09-28,
20e4b47f-e170-4d22-a27b-db86f63c3697,1005,East Angelatown,Adjustment,-394,2024-04-18,Routine stock adjustment
32e50a62-5803-49a1-8cff-d2159d8993ff,1010,North Gavinville,Inbound,-243,2024-06-21,
e3cf42d9-ef34-409e-9f3e-ad9a6bdb3a62,1041,New Jennafort,Adjustment,35,2024-08-17,Damaged goods removed
6f36ade6-5156-4ca3-9ea6-d29d9c165dd9,1013,North Craig,Adjustment,391,2024-02-23,
0594021f-f94e-46e6-b44a-c747411b4764,1022,Gordonfurt,Inbound,316,2024-08-20,
461f3589-7290-411a-ac03-f53fe57d0575,1038,East Leonard,Outbound,412,2024-12-07,Routine stock adjustment
01f922c9-8315-498b-820b-edabbb66a39d,1028,Chanborough,Inbound,242,2024-11-06,
ae056e43-5b4a-4b58-a565-324393d6f9b3,1009,Bullside,Outbound,-57,2024-08-28,Damaged goods removed
3fafe617-8933-4938-be2c-443dceb56508,1007,East Stewart,Adjustment,441,2024-02-09,Outbound delivery processed
92705a9f-c327-47c4-925c-3d7a7906dcc8,1023,Lukeborough,Adjustment,-368,2024-05-27,
46c21c71-8663-40bb-ab98-ad9fa285665b,1031,South Junetown,Outbound,-266,2024-08-03,
8517acbe-902c-4c22-8fe8-e40cb193b06d,1031,Jonestown,Adjustment,-273,2024-11-27,Shipment received
ccec0364-0180-446f-9b43-130d179756f0,1036,Port David,Adjustment,418,2024-02-25,Shipment received
7d372587-0cf5-408a-a6ee-94641af43348,1035,East Melanie,Adjustment,287,2024-08-15,Damaged goods removed
a801dd6b-bc16-45ff-8bf0-378a7f0167ba,1004,West Lesliehaven,Adjustment,-256,2024-10-17,Shipment received
d265c6c5-b673-4a15-abc9-7e654ccd6ba9,1019,Joyceville,Outbound,9,2024-09-18,Routine stock adjustment
99bfd0a5-d154-43c1-8adb-e554fce95533,1006,Francisshire,Outbound,-356,2024-06-15,
0eab718e-a391-46e6-a04a-a7a0e0060671,1021,Ritamouth,Adjustment,-187,2024-06-13,Shipment received
6c5be242-d25c-4481-a52e-4f9f632104fa,1006,East Caroline,Outbound,-145,2024-04-10,Outbound delivery processed
c30c0b6e-7287-4b53-af3a-d7686ed68d77,1021,New Kennethton,Outbound,-30,2024-09-10,Outbound delivery processed
a6534ecd-8d47-48ce-9dee-f5d7d4d3194f,1001,Rachelmouth,Adjustment,-240,2024-09-07,Outbound delivery processed
e274282b-9c25-4428-a67d-fd7fb6f32d0c,1040,Donaldside,Adjustment,188,2024-05-15,Damaged goods removed
8f1d1f32-ef21-4488-9909-023bd34df5cc,1046,Gerardburgh,Adjustment,449,2024-04-12,
cf9a5c01-9c7e-43a1-b85c-b2272b012e35,1040,Port Cameronport,Outbound,-192,2024-04-05,
5c4f5902-9113-46bd-bb7d-6dc0ca69f0c5,1020,Mossshire,Outbound,390,2024-01-14,Routine stock adjustment
cd2de164-adf1-4d56-8c30-1e6422163ada,1027,Grantstad,Inbound,143,2024-04-16,Damaged goods removed
42051812-7211-477c-9b4a-91018dc5870b,1009,Leslieborough,Inbound,-22,2024-03-02,Outbound delivery processed
f6a7e1d0-d5c6-47a4-9529-082a977a03c9,1021,Stanleyburgh,Adjustment,-124,2024-06-26,Damaged goods removed
e261c257-368f-479a-a9a2-c96367e8983e,1003,East Jacob,Outbound,415,2024-09-25,Outbound delivery processed
7c1f3087-2588-4f2b-881a-aa0f152bed17,1046,Kathleenport,Outbound,-429,2024-02-15,Outbound delivery processed
032a6f16-beac-486c-a81f-a27de683df5c,1032,Naomiburgh,Adjustment,141,2024-03-02,Shipment received
684d0bb3-3a3d-4b63-80e1-7af36fbf9d9b,1049,Port Dylanmouth,Adjustment,-260,2024-08-20,Damaged goods removed
728cec7f-610c-4924-8648-603cb5e48cc0,1044,Lake Colinside,Outbound,-340,2024-02-24,Outbound delivery processed
bb5116f8-355c-49fa-8697-4c393a7f3b74,1025,Meganberg,Adjustment,-123,2024-11-13,
0a38db96-8c91-41a3-9653-143974506a59,1024,Lake Sandramouth,Inbound,-8,2024-05-10,Routine stock adjustment
31c80145-bfbf-4038-b47c-7ec5c6d7f444,1044,Marcusberg,Adjustment,-139,2024-06-26,Shipment received
06bc2d05-9d15-4f35-9e01-eb8f9f0c5050,1031,Pamelaville,Adjustment,436,2024-03-30,Damaged goods removed
45260def-5a7e-416b-94ab-39f9c7f29f29,1026,Marilynborough,Outbound,-15,2024-01-16,Damaged goods removed
457b17b7-3732-442b-b1f4-2edc837b59c3,1009,Jemmatown,Adjustment,219,2024-05-04,Shipment received
bf8e95a0-1e75-4c64-a19a-3577ab09b91f,1015,New Christopher,Outbound,487,2024-02-12,Outbound delivery processed
b62bdefd-0afb-4a4f-889e-1fbd958403a0,1003,North Trevor,Inbound,-339,2024-11-19,Shipment received
37f41394-8fa5-4309-bd53-2335ff2165f9,1043,South June,Adjustment,161,2024-11-10,
0f346d58-1db4-441f-9bb1-c847ba67a668,1044,South Mathewmouth,Adjustment,-78,2024-10-15,Damaged goods removed
648e735f-0297-47a4-8df7-3f21151f5f40,1027,Kingtown,Inbound,-259,2024-07-24,Damaged goods removed
f304458d-bd58-4af2-a4ab-afc439118139,1026,Port Thomasside,Inbound,-284,2024-11-16,
9cfccb9a-ad23-4e68-913b-43ee63eb9efd,1021,West Chloetown,Outbound,135,2024-05-07,
f9209a40-9b01-4a7d-b64e-15a7e4b54ffd,1002,Port Elaine,Outbound,-400,2024-07-05,Routine stock adjustment
a2d2a1bb-3bce-4e5f-a524-b53f14902363,1033,Stuartstad,Adjustment,-477,2024-02-26,
aa290b53-ec8a-450e-a03d-506eb3e3f292,1050,Janetmouth,Outbound,177,2024-10-09,
5065e5f6-6a86-4bec-bb68-10f6293814ae,1014,Lewisport,Adjustment,-96,2024-05-31,
b6dd4ca2-7b3f-48c1-ba9c-1421e93cd2c9,1023,Lake Adamstad,Adjustment,221,2024-02-22,Outbound delivery processed
cf970555-b244-4e44-87d2-f782410b6f5e,1003,Elizabethville,Inbound,-299,2024-12-02,Routine stock adjustment
82909bd1-82ce-497f-8a60-824291c034fe,1021,East Jamie,Inbound,126,2024-04-21,
a94a7a76-2e3a-416b-93ef-41f95c65f0d8,1012,West Glenport,Adjustment,250,2024-10-17,Shipment received
0a310d24-dd77-4ee6-be2d-981e82e63f1f,1005,Sheilastad,Outbound,-369,2024-06-14,
f33c715a-6ff2-460e-85a1-106ce9814d59,1029,East Jasmineberg,Adjustment,340,2024-01-07,
6e575a61-13bc-4496-8e6d-6c1ba704881a,1032,New Shirley,Outbound,35,2024-02-01,Routine stock adjustment
77ad6493-a392-4b88-be32-8fcffa992d13,1033,North Jodiestad,Outbound,444,2024-02-20,Damaged goods removed
c908ab6c-5f78-4023-99e1-e62cf3b7973d,1020,Ballshire,Inbound,-81,2024-11-08,Damaged goods removed
9ed146e1-01bb-46c4-80e4-6ba8e740ede9,1020,North Leanneburgh,Adjustment,81,2024-11-26,
9d6f5e49-65ca-4d49-9a21-28b139a8008c,1043,South Shauntown,Inbound,186,2024-05-02,
6179e901-6fdd-41dc-b885-5fa2049549bc,1006,Port Beverley,Outbound,417,2024-03-08,Routine stock adjustment
e6b6f5c0-217f-4c86-8b74-da495ad76ae0,1011,Lake Donald,Outbound,256,2024-10-06,Outbound delivery processed
e62ff4af-8288-48ae-9510-a230ae3c177e,1011,East Emily,Adjustment,-319,2024-10-02,Shipment received
61a8411f-fcf4-47c7-aaca-fa84857de98b,1036,Gracehaven,Adjustment,76,2024-08-14,Damaged goods removed
fd0447aa-9be7-427f-814a-25fcaacff919,1049,Port Stephentown,Inbound,-90,2024-03-05,
a77271fa-2a8a-4b91-9029-83a6298c494e,1005,Lake Samview,Inbound,-117,2024-09-02,
7571ee76-c326-405f-ad28-1dee6f637b44,1011,Matthewsmouth,Adjustment,-198,2024-06-12,
51c29e6d-01af-480e-a0da-84530bd1a939,1023,East Mollyfurt,Adjustment,430,2024-06-23,Shipment received
e9812b7e-6ece-40d0-b81b-b4ebf972f5f9,1007,Huntport,Adjustment,-67,2024-09-29,
3dc9c15c-1735-4aca-bb16-9eebe5691263,1028,Shortview,Inbound,233,2024-12-08,Routine stock adjustment
eaa553d2-3877-4cc7-ad22-da4265ba1c1d,1012,Lake Shaneview,Adjustment,-130,2024-03-16,Routine stock adjustment
b3263a73-2863-499d-b6f4-6126f1dfd7b3,1042,Port Nigel,Adjustment,492,2024-07-28,
747566cb-155f-411f-8c08-7836400433f7,1026,Port Nigel,Adjustment,-385,2024-04-24,Routine stock adjustment
fffd68de-59d0-457c-bfdb-0deca6fed792,1032,North Lindsey,Outbound,-71,2024-10-10,
66f28b50-fb3a-43b2-8dba-4918d8393e7f,1034,Leahton,Adjustment,266,2024-03-15,Damaged goods removed
08069b59-2492-4ebe-b2ce-6a5769c1f9c2,1042,Port Ruthshire,Outbound,328,2024-06-06,Shipment received
1eda4748-6ed1-4c07-ba2f-8d24790e0aa6,1009,Maureenton,Adjustment,-273,2024-06-18,
2367b6b5-2fdb-42d8-a3b2-7434f45e8006,1030,North Lesleyview,Inbound,287,2024-05-12,Routine stock adjustment
0634569d-a236-4d5f-862c-3fad52bde118,1018,North Clare,Outbound,136,2024-05-16,Outbound delivery processed
250d98fc-36dc-4e0b-bcbc-52b08927fc97,1024,Butlertown,Inbound,-36,2024-02-21,Shipment received
7b673dd3-a06f-431a-aa51-f276181b7e61,1029,Gemmaborough,Outbound,488,2024-04-18,Routine stock adjustment
038cce27-2deb-4d85-ba9a-4f3b3c0dbc66,1012,East Glen,Adjustment,53,2024-07-04,Routine stock adjustment
83eeaaa6-5c32-442a-b845-819d313482c0,1050,Marcuston,Outbound,-381,2024-02-27,Shipment received
3425ee77-9265-4e22-ae8b-8794e6f68b0b,1003,East Holliefort,Outbound,-494,2024-01-22,Damaged goods removed
74ca0b2e-43de-455b-951b-bbe7ecb4585e,1011,East Claremouth,Adjustment,154,2024-02-11,
336ff992-73d0-4dff-a372-03cb629a6c76,1027,Owenton,Adjustment,96,2024-02-21,Routine stock adjustment
7297f974-2161-4283-b8cb-19df45d5a135,1005,Teresaburgh,Adjustment,-358,2024-07-09,Shipment received
21e9dcf8-eb35-4b37-8506-52dd73183064,1022,New Chloe,Inbound,114,2024-10-01,
e83568df-27c5-4609-b35a-c335c4cf8ab7,1037,New Katy,Inbound,-258,2024-06-11,Outbound delivery processed
afb7ac76-2b03-4c28-a9dc-b136948a9c41,1031,West Ronald,Inbound,-191,2024-02-05,Outbound delivery processed
b0f2d8b5-af8c-4457-966f-1e3cdd8e4720,1040,Carterton,Adjustment,210,2024-01-12,
288024a5-3861-4a4b-9855-d04ab253e6c9,1017,West Lindseymouth,Outbound,-192,2024-05-10,
538288bc-b418-4371-8bc6-248c37523ca8,1048,North Bethview,Outbound,-272,2024-08-01,Damaged goods removed
6ad6b013-2a03-44f3-b045-589065804b4d,1026,East Garethburgh,Adjustment,333,2024-07-18,Damaged goods removed
2bf982e3-b08a-4b2c-81e0-baf6601be6f5,1029,Woodberg,Outbound,-285,2024-08-29,Routine stock adjustment
529dfaf3-986d-4004-88c1-8fa64f00e61a,1016,Carolynchester,Adjustment,294,2024-06-04,
b51de7b8-dc2e-4fce-9677-f4d35658b293,1037,Vincentfurt,Inbound,51,2024-04-09,
ecf16cea-b06a-4127-bc86-f8e261ae3235,1045,Hussainfurt,Outbound,25,2024-12-05,
45d37425-b062-44ff-afa0-da8d9075eb08,1002,Connorshire,Adjustment,-459,2024-04-15,
64a6f076-6cc2-43e5-95bb-48281031b126,1008,Roseborough,Inbound,381,2024-06-20,
b6c437ca-3edd-490e-a9b6-3b439bc3994c,1006,Phillipsmouth,Outbound,497,2024-01-18,
2dc50cf5-3eee-4e1e-a7ed-f1bb6d08d759,1013,Cliffordmouth,Adjustment,-322,2024-03-16,Routine stock adjustment
f3c4c6f1-f18b-4111-8aee-de4be0a491d3,1005,North Josephmouth,Outbound,77,2024-02-14,Outbound delivery processed
35f44430-1a8b-4122-bb2e-f6964ae75685,1048,West Shannonview,Outbound,311,2024-03-16,Outbound delivery processed
173d7bcc-444b-4903-84c2-8a1c766ebb65,1014,Warnertown,Adjustment,303,2024-08-28,Damaged goods removed
253db50e-af1c-4e03-a54b-cc980b1817fb,1008,North Marion,Outbound,241,2024-06-29,Outbound delivery processed
f4571d1f-d8cf-4f68-9ffe-0b00cea49223,1016,Lake Abigail,Adjustment,170,2024-03-12,Outbound delivery processed
d901df54-e81d-4a5d-92cf-73eabaec53fd,1012,Wilsonshire,Inbound,211,2024-03-18,
88001de9-0b30-42f5-8159-46f6d7fca720,1025,Henryport,Adjustment,244,2024-11-12,Routine stock adjustment
c06dd10c-6125-45a0-81da-06f659441627,1009,Flynnmouth,Adjustment,406,2024-04-27,Damaged goods removed
8bf64280-faa4-41d5-a337-77f64b859723,1050,Benbury,Adjustment,50,2024-07-23,Shipment received
32074406-8f56-4c7f-b66a-38145b37ddd0,1032,Claireville,Adjustment,-327,2024-11-26,
9cc17b07-405b-4b39-87a5-6d4b74410700,1048,South Tina,Outbound,7,2024-09-28,
b1e4a0be-1e73-46e9-84fc-c9552be52a06,1003,Lake Frank,Inbound,-55,2024-03-15,
56905a6b-4be3-4968-b8b5-cef00d65f77e,1005,Flynnville,Adjustment,77,2024-09-29,Outbound delivery processed
7657ef38-15b5-4634-9a3a-086e51ecc152,1010,Malcolmside,Adjustment,-20,2024-01-25,Shipment received
5960e091-3963-46fb-8cfa-a46ee7d6488c,1003,Sanderstown,Outbound,355,2024-03-16,
a0289b84-cc3c-472d-9528-a6d317d0da49,1043,Francesberg,Adjustment,335,2024-01-19,
713e173a-515c-494f-a3dc-1500ce58ed36,1022,Dianebury,Adjustment,-209,2024-01-27,Routine stock adjustment
2719ff02-d619-49c2-a53e-16776e8a7b05,1008,Thompsonbury,Adjustment,-325,2024-03-31,Shipment received
5cdbaedf-8b46-43c1-ac67-75766c14a132,1001,New Louis,Outbound,-259,2024-09-08,
280db699-fccc-405d-9538-c808aba2a708,1009,South Joycemouth,Inbound,168,2024-10-13,
326dcbe9-8073-4b40-ac50-b6b62255fdcc,1020,Cherylshire,Inbound,-133,2024-05-29,
49ea3836-4abb-4920-9d6c-7c76e3e030e1,1042,Samuelborough,Adjustment,-72,2024-09-15,Outbound delivery processed
1a7a319c-0114-4f03-a2f3-e9ceef55f173,1036,West Katie,Inbound,496,2024-08-21,Damaged goods removed
67e78201-1296-41c0-a860-65b2bfac65c9,1030,New Beverleyberg,Outbound,-419,2024-12-01,Damaged goods removed
3752e161-4032-49a3-b371-a5de74172055,1045,Edwardfort,Outbound,-111,2024-03-23,Routine stock adjustment
1f81580e-516d-4605-8857-54b2466058ac,1019,Connortown,Inbound,-475,2024-11-09,
5ad42c50-e594-4cec-9734-da3173e9a0c4,1014,Lake Josh,Outbound,-491,2024-02-12,
9796949e-0fa3-4b29-a3bd-3a004b158e4f,1021,South Melissashire,Adjustment,-453,2024-08-18,
9ecfdbfc-78cd-4049-a4a9-41106a32a53e,1048,Emmaside,Outbound,173,2024-06-03,Outbound delivery processed
46cb2bea-1168-49ac-9b11-9056ddcf9cc5,1042,Ballburgh,Adjustment,-168,2024-05-24,Shipment received
b88f2110-60ce-4236-900f-624648f7944b,1044,Port Robert,Adjustment,-300,2024-08-27,
5a57c802-bfad-4689-a7da-e2ae65342c91,1035,South Kathryn,Adjustment,15,2024-01-15,
653c25e6-6335-4665-ac59-37acffe2ac4e,1027,New Maxborough,Adjustment,433,2024-02-16,
07104c2d-4aa9-49d3-8cf1-33775a4fe925,1023,Metcalfemouth,Adjustment,-439,2024-04-15,Outbound delivery processed
977fa166-7e5c-49d1-9f82-d0d834993ba8,1009,West Tom,Adjustment,-1,2024-10-16,
1bc4b133-c836-46a6-85dd-bb56481e4849,1025,West Harriet,Adjustment,304,2024-05-26,Routine stock adjustment
864664be-2438-4161-b29e-626923977116,1022,Terrytown,Adjustment,-429,2024-07-04,Routine stock adjustment
15bf3aa4-1230-48fb-81df-c08466882519,1034,Robertsmouth,Inbound,-300,2024-06-27,Outbound delivery processed
90c12e84-61bf-4a5c-b366-c7e0eefcf02f,1017,New Kerryshire,Outbound,282,2024-07-28,Shipment received
52ca67c1-53f7-4e3f-8f09-66fa4d5e2139,1006,Leeland,Inbound,137,2024-01-03,Shipment received
e6185b43-622c-43aa-a764-6eb4745d5b39,1015,Dalyland,Outbound,-279,2024-06-03,
0ba446eb-259f-43de-a328-dbfd1534b6ac,1006,Scottside,Outbound,487,2024-02-21,
ce54e8fa-0167-4412-a212-b4127e8c1670,1027,Rogerfurt,Outbound,-28,2024-10-11,Routine stock adjustment
36c470fd-ad98-47af-a6fd-f5513e58d3ed,1024,Port Gailshire,Inbound,-152,2024-05-26,
767b5ab6-af75-4058-883a-a5cfa447e2dd,1031,Taylorfort,Outbound,-195,2024-01-09,
937024eb-5217-4872-8409-23b513eeecbf,1033,West Danny,Outbound,-291,2024-04-04,Shipment received
3d17eef0-7dde-4ac4-91e0-bd27502b1ef3,1034,South Alexmouth,Inbound,423,2024-10-19,
7c771d11-dcb8-412c-bd4c-6c0104873860,1016,Prattbury,Inbound,-425,2024-09-02,Outbound delivery processed
ab1a5e91-efab-45e4-bf7f-cd7986477a5b,1006,New Frank,Inbound,-388,2024-04-08,Outbound delivery processed
f5c0f5ea-1d6f-4a47-a290-44623ca80c51,1042,Gardnerhaven,Inbound,446,2024-07-13,
3f95ce2e-55f9-4bc6-9928-4db0bd511552,1018,Port Bradleyview,Inbound,-82,2024-02-01,
f7581b30-09c8-4f36-9b13-e61248aa372b,1027,New Garrytown,Inbound,104,2024-03-27,
f38f4c8e-d9e3-492d-8c8e-cfd8b2a61d52,1011,Port Alisonport,Adjustment,330,2024-01-28,Shipment received
32ec25eb-3de3-4f8d-9202-a69bff876abf,1014,West Clivestad,Adjustment,-135,2024-04-14,Damaged goods removed
f532c689-a10b-43ff-885c-2a4642baf3e6,1004,Evansfort,Outbound,334,2024-07-23,Routine stock adjustment
3596b901-80ff-448e-ad3c-3edf4a25d328,1002,Parkinberg,Inbound,-116,2024-04-07,Outbound delivery processed
60e26a0a-19a9-484d-8467-21c99ab4e382,1018,Lake Jillchester,Outbound,170,2024-08-06,Damaged goods removed
7a11112e-8258-4783-882f-802cac6b7e99,1005,Hollieview,Adjustment,-248,2024-01-22,Routine stock adjustment
b9677666-6de6-49d1-94b5-9bd5833a53e0,1005,Kimberleychester,Outbound,432,2024-01-02,
3eb93d78-88ce-425c-a4ba-4dd6afd88567,1017,Lake Gillian,Adjustment,-116,2024-11-07,
8919b1d5-0e33-4b87-97d0-6885614bebf6,1043,East Rachel,Adjustment,225,2024-10-28,Outbound delivery processed
97d99594-3169-4b71-8736-7e2c2234f813,1047,Samhaven,Outbound,-422,2024-09-05,Shipment received
558215bc-dfda-465e-8726-5766496a1e1b,1017,New Elizabeth,Inbound,-234,2024-09-26,Damaged goods removed
4e26ed99-0da4-43aa-a256-d968393604e9,1041,Hiltonhaven,Outbound,105,2024-11-01,Routine stock adjustment
5bd31045-abcd-457a-a98d-2e7f12d25874,1010,South Billyborough,Adjustment,469,2024-09-18,
7379ff7d-aad4-4c7d-8d44-99eed695419e,1027,Stephanieberg,Outbound,-1,2024-03-17,Shipment received
3b696f56-6cce-4ef2-b2e9-68c226bbb349,1001,North Staceychester,Adjustment,393,2024-05-21,
c4a33a9d-d66c-4a09-9553-9ebdb888f592,1041,East Malcolmview,Outbound,217,2024-05-28,Routine stock adjustment
bd2800af-7b0c-42b3-a2b1-ba7570ac274c,1004,Port Ashley,Outbound,459,2024-06-30,Damaged goods removed
177bf8a8-84bf-48fa-b8ef-83c2a5b24803,1012,Lake Susan,Outbound,11,2024-05-04,
533d5cd6-48d7-47ba-a9b0-25dea252ff6d,1003,Kathleenbury,Adjustment,-456,2024-08-19,Shipment received
984849e3-543e-4b4f-b5e0-116a1cc5053e,1027,Port Darrenberg,Inbound,462,2024-09-20,
a0519259-7677-4d06-a984-0177971fd8a9,1049,Connortown,Adjustment,-36,2024-01-27,Damaged goods removed
2a0ffe9e-d164-4bdc-bfd6-a427e31206a4,1033,Neilland,Adjustment,498,2024-11-27,Outbound delivery processed
43de70fe-b220-488e-a298-03fe1b0311e3,1037,Thompsonbury,Adjustment,25,2024-03-18,Damaged goods removed
e342547c-95a3-4938-9674-2488627223f5,1009,South Amychester,Inbound,-344,2024-10-04,Shipment received
fc622170-43ad-4ddd-9bdc-4abee3f95c1f,1010,Hughmouth,Outbound,202,2024-01-19,Shipment received
2eba9a80-30f0-4331-9669-bac578d64e6e,1026,Simmonschester,Adjustment,49,2024-05-17,Routine stock adjustment
06019f48-9355-475d-a75a-714dc234ebcf,1013,Lake Cliveport,Adjustment,62,2024-06-13,Damaged goods removed
6ff45ca7-2a21-4f53-92b8-fb01fde23729,1036,Walkerview,Adjustment,53,2024-04-21,Routine stock adjustment
07e85ade-72d7-41c6-a8cb-87b30f6bda5f,1047,North Jordanstad,Adjustment,-54,2024-07-21,Shipment received
0c0dc012-71bd-4140-af99-54432d946f89,1005,Leighland,Inbound,427,2024-10-14,
255a6d40-355c-47e0-a34a-eaf7e2d37d2b,1028,South Sandra,Inbound,-308,2024-10-12,Damaged goods removed
a88f8a53-76e9-4dd0-9256-9d80515398a3,1021,Edwardborough,Inbound,-152,2024-02-08,Damaged goods removed
fc05a548-a649-4c8c-94dc-a14dd743bf45,1039,North Dorothy,Adjustment,-244,2024-03-08,Outbound delivery processed
ce3af312-1719-4580-90e5-c46ff0643f0e,1001,Billychester,Adjustment,-492,2024-08-22,Damaged goods removed
ad67ef8a-e54e-4236-a502-b590eb6cc193,1037,South Liam,Outbound,48,2024-10-12,Routine stock adjustment
47eedc58-cb2e-488c-b3d8-02e4870a81d8,1022,East Leigh,Inbound,284,2024-08-04,Damaged goods removed
b25c3421-9d53-43c2-87c5-603730a3b9d9,1010,Kirkshire,Adjustment,24,2024-06-06,Routine stock adjustment
410a1648-f76c-4907-8611-116dd1504a94,1023,Glenborough,Adjustment,401,2024-01-30,
e9e6b417-abe5-4bae-9869-66d3584b0922,1031,New Bethany,Outbound,431,2024-11-04,Damaged goods removed
1c2afd67-389e-4b13-9701-3a54a47d5b7d,1033,Port Clivemouth,Outbound,246,2024-11-27,
baf79212-2073-4b6b-8849-16c988a77f08,1035,McLeanview,Outbound,100,2024-05-07,Outbound delivery processed
aa15ea02-39e7-44cc-bb85-c22cd144235d,1046,New Frankberg,Adjustment,-335,2024-05-29,
691621d0-231a-4b65-b5bd-9df466dc27e0,1007,Chadwickchester,Inbound,-373,2024-11-19,Damaged goods removed
500c092d-6234-4bdb-bc20-e9f237dea06e,1046,North Abigail,Adjustment,196,2024-02-16,
cabee258-a357-406c-a861-0e268e529a28,1024,Julianhaven,Inbound,127,2024-08-27,Damaged goods removed
cd96f092-f83e-4b1e-9725-e3ad971dcbca,1016,Rosefurt,Inbound,79,2024-07-24,Damaged goods removed
66aad475-ce13-493a-954f-70d6be032947,1004,Lake Timothy,Outbound,27,2024-04-28,Routine stock adjustment
d2fe403c-c833-4911-bd40-0799da0a6377,1013,New Teresa,Adjustment,-17,2024-05-21,Outbound delivery processed
38bd363e-0120-4b49-b269-840ea00c8a74,1039,Thomsonburgh,Outbound,-283,2024-05-05,Shipment received
3f5a0d86-2168-4a6c-9598-8c24610d4201,1049,Glennborough,Adjustment,-437,2024-06-02,
2c04e605-8201-4005-a666-1708a3899a56,1002,West Annette,Adjustment,-306,2024-05-01,Shipment received
94da1526-4b6e-4308-b31a-9ae575393fc5,1013,New Robinport,Outbound,-206,2024-12-06,Outbound delivery processed
e3cea279-2c64-4841-929d-89017e90df15,1032,Jacksonstad,Adjustment,-21,2024-11-27,Outbound delivery processed
5f26874e-4ce2-4fc5-a1f2-2716af6f4566,1040,New Lee,Inbound,2,2024-03-12,Routine stock adjustment
41ff4905-23e5-4e3a-aa8a-92a0dce09f9b,1042,West Cheryl,Inbound,-90,2024-07-25,Routine stock adjustment
38a20fc3-8734-44c4-aae1-d16f1f09acb5,1040,North Carolyn,Adjustment,-271,2024-07-06,Routine stock adjustment
0d94a338-6842-4030-b413-ebc12e02cdbb,1033,Hodgsonchester,Inbound,-329,2024-04-18,
1f05fa65-fc4f-4935-afe9-af0739afa84d,1031,West Michelleside,Adjustment,479,2024-01-26,Damaged goods removed
5cb6ff26-5743-4c3c-8101-125a6e1d30fa,1005,East Russell,Outbound,434,2024-10-06,
ae8e7d99-e981-4f26-9c00-e2fd16dda6b7,1027,Lake Lisa,Inbound,342,2024-07-01,Routine stock adjustment
6bf65c84-c094-4b46-ae92-5923a2ac5234,1015,Brownbury,Outbound,129,2024-03-22,
8b982e5e-a385-467b-a385-e1dd4ef28193,1036,Mossport,Inbound,-241,2024-09-08,Routine stock adjustment
f04a47d5-66aa-4799-b99d-04af31c42657,1016,Sinclairtown,Outbound,115,2024-11-17,
abb75dc1-6490-4852-958d-bb3788b06f43,1025,West Charles,Outbound,-463,2024-09-03,
85649515-495a-4e1c-9aec-72b660f0e6d9,1010,Jacobbury,Adjustment,429,2024-10-06,
2ab9c7e8-e295-4f6e-b419-4383dde77014,1046,New Diana,Inbound,362,2024-04-30,Damaged goods removed
d7ee0f12-8575-49e9-be6e-8385a361b18d,1022,Port Annberg,Inbound,-335,2024-09-14,Outbound delivery processed
dfac3c80-b157-4fa9-97fa-2675191b7ee8,1025,North Kieranshire,Outbound,-129,2024-06-19,
d2470761-3571-4bc0-a573-c4b7bac4c71a,1033,New Stewartmouth,Inbound,234,2024-10-23,Outbound delivery processed
3d7c90a9-1f55-4291-ab76-9c747e2fd9bb,1011,North Jacquelinefort,Outbound,483,2024-10-02,Outbound delivery processed
a09f7128-35ce-4968-831f-8748ae8a8f23,1047,Leanneland,Inbound,7,2024-07-13,
6f786948-55ed-486f-ae27-26f07e67806e,1046,Port Ashleighchester,Inbound,236,2024-04-04,
52ab5305-bff9-4fa4-87fd-b614cc47ed4b,1002,Port Shaunside,Outbound,-150,2024-02-18,
d983cd5b-7d32-4256-9c07-a50bd005f4f3,1027,Thomasborough,Inbound,-148,2024-03-19,
c362498f-8491-4d98-9689-8324bda0cbe1,1006,Markchester,Adjustment,-426,2024-11-19,Shipment received
8b421a46-f8fa-4362-931f-2bc7dff7d93f,1010,Hodgsonshire,Outbound,357,2024-02-24,
fd17c892-89f2-4d07-a3c2-a9055235a7b8,1033,Manningmouth,Adjustment,-249,2024-06-28,
ba0c7ffe-b36b-4797-ae3f-ae0e7ce7d28a,1049,Dayburgh,Inbound,277,2024-06-12,Shipment received
6e0182cd-ad49-4c1a-a821-c3ac2b98a21a,1044,Clairefurt,Adjustment,365,2024-10-15,Routine stock adjustment
ba88530e-8939-458f-9d3b-e1bb0645efe6,1028,South Stephaniemouth,Adjustment,373,2024-09-25,Routine stock adjustment
9142b7e0-ea4e-4fb7-bcd5-d9df08b9cad4,1037,South Michael,Outbound,-389,2024-09-09,Outbound delivery processed
84bf6d63-7c62-4a8f-92d4-ebd0a303032b,1007,Denisfurt,Inbound,-2,2024-03-11,
57174a40-9ba7-4e69-ae35-0790925626d0,1004,Whiteheadberg,Adjustment,-34,2024-03-12,Outbound delivery processed
d92f0f2b-055e-4996-88e2-8ce674d4cf8a,1029,McDonaldton,Adjustment,-102,2024-10-04,Routine stock adjustment
03f64584-53e3-46ee-a5b7-89702e442232,1044,Vanessafort,Adjustment,225,2024-05-06,
77dafe80-9061-4896-b1d5-6a2e1dc6c07d,1044,Lake Mandyburgh,Outbound,-213,2024-11-14,
019049c0-92c9-4e19-9a05-ead07a6942de,1046,South Francesca,Outbound,389,2024-04-25,Shipment received
bb9f83df-a064-4a6a-9c8a-50f3dc67f0c9,1032,Darrenview,Inbound,22,2024-04-16,Shipment received
43e443cc-3533-42be-b89d-b7288f13c615,1004,South Billyport,Outbound,357,2024-05-05,
0254e24e-0354-4f2f-b2a8-6bc81c6bf6b6,1007,Katherineland,Inbound,466,2024-06-09,Shipment received
0039c48e-9738-4620-a4c2-82605509697c,1040,Maxton,Outbound,400,2024-06-29,Shipment received
401ffa66-c556-449d-ba08-99f07b3fdec0,1018,Port Meganshire,Inbound,-405,2024-04-05,Outbound delivery processed
30963834-8955-472d-b182-ebf2ada50a94,1005,Port Stephen,Inbound,-450,2024-08-22,
f37dde96-6aa1-4404-bb54-01798c0b8ed9,1039,New Lisa,Outbound,172,2024-04-22,
08e59abc-c3a7-40c0-9e2c-a34cc662259c,1026,Darrenville,Outbound,-101,2024-06-13,Routine stock adjustment
dd12b2be-a6a1-40d2-b83e-df0a6b7f643e,1013,Waterston,Outbound,28,2024-06-30,
f5f37adb-a051-432c-811f-7b9d6e21c63f,1009,New Mohammed,Adjustment,209,2024-04-07,Shipment received
c7dde417-a94f-45a1-b1fb-6fe27690bbc6,1012,Geraldville,Adjustment,-80,2024-01-05,
a86d299a-110b-4e55-9b4e-b61fbc447236,1012,West Juliestad,Adjustment,-391,2024-07-25,
733a1f7f-a9c3-4d81-85db-c7a139fe6bfd,1050,Lake Peter,Adjustment,-140,2024-12-01,Damaged goods removed
ea3890b5-e5d5-42cf-82ec-a5aa729c3400,1032,Smithstad,Inbound,461,2024-11-25,Shipment received
4f932745-c7a2-4ce2-831e-236de60026cb,1032,South Mathewberg,Outbound,156,2024-10-20,Routine stock adjustment
f3c211ad-38f8-4724-897a-1299ed9c2160,1025,Lake Charlie,Outbound,75,2024-04-22,Outbound delivery processed
81d86cdd-a1f6-46d4-a037-18c489d460c2,1033,New Teresa,Inbound,253,2024-10-23,Damaged goods removed
774c6236-1444-4510-ac1e-f9d08e3eebe9,1042,Gerardburgh,Outbound,92,2024-01-06,Shipment received
af81bf85-5681-471a-a09c-d543a5719a27,1006,Johnsonport,Inbound,-376,2024-08-05,
27df7334-26e0-43b8-906e-ea736bc71d2d,1008,South Dale,Inbound,280,2024-06-04,Outbound delivery processed
e4a9f6a6-fe7c-4384-aec0-862c3e880b79,1047,Julianhaven,Adjustment,406,2024-02-07,Outbound delivery processed
69a1bbe6-63bf-4cc8-b1e4-53d2387279d9,1001,Mohammedburgh,Inbound,-418,2024-04-21,Outbound delivery processed
17c7935a-b418-4d49-8bbf-6821ad62ff4e,1035,Parsonsshire,Inbound,-186,2024-11-02,Damaged goods removed
37ec6238-a535-44d7-beb5-761be83371c8,1040,South Katie,Outbound,488,2024-03-28,Outbound delivery processed
943b4bbb-c37f-4bcd-90d4-66a229bac0db,1043,Nolantown,Outbound,-99,2024-05-02,Damaged goods removed
6481943a-702a-46dd-992d-2c4a260210d7,1009,New Craig,Adjustment,191,2024-10-31,Shipment received
6a66de07-488f-4781-ae4e-d1a21794fee0,1010,Tuckerland,Outbound,-339,2024-05-13,Outbound delivery processed
91b04335-b3c9-4423-9c83-2a0d07fc666b,1044,East Clifford,Outbound,-17,2024-10-04,Routine stock adjustment
586d8a71-3c08-43d0-a86c-d4a1d704e11c,1046,Howellsview,Adjustment,-223,2024-10-09,Damaged goods removed
8cdbe50d-fff9-4657-8000-4fb8b6dc992b,1031,Lewisborough,Inbound,242,2024-03-20,Outbound delivery processed
6498fb5b-eb1e-4ed6-9d4c-c89122ea96be,1001,South Hughborough,Outbound,-154,2024-10-31,Routine stock adjustment
7f5c0fce-ef15-47da-b6eb-db1fe1ccdb20,1002,East Georgia,Adjustment,292,2024-06-06,Routine stock adjustment
13067975-13e8-4b07-aca2-204d4de54b43,1037,Johnsonmouth,Inbound,390,2024-06-27,Damaged goods removed
1b315829-ad19-4e68-9c45-aedd91fc56b3,1038,North Rosiefurt,Inbound,222,2024-07-27,Shipment received
1a2ac222-48d0-4e9a-a748-aa597207f950,1033,Lukemouth,Adjustment,398,2024-07-20,Damaged goods removed
a1d552b0-7065-4303-aa04-455fcf447540,1001,East Rachelton,Outbound,467,2024-11-10,Routine stock adjustment
466e751b-0fb8-44ea-87ac-823588ec180e,1007,East Lynn,Outbound,350,2024-03-30,Shipment received
af319ccc-445d-4a01-89a4-e3802fae5865,1043,South Lynnshire,Inbound,426,2024-09-07,Damaged goods removed
4f5d98a1-6384-4b1e-b354-0d886cd06612,1049,Lake Hollymouth,Adjustment,-451,2024-09-01,Damaged goods removed
37e11064-7a1e-4ca5-9f05-bf76d4d79cfd,1022,Craigmouth,Adjustment,496,2024-01-22,Outbound delivery processed
d6b28b0f-aa00-4c22-b65f-2fbf92c879c6,1025,East Jamesside,Inbound,408,2024-04-08,Shipment received
318d9a3f-ffc4-42de-8c2f-4faee11e49da,1049,South Callumland,Inbound,-455,2024-09-06,Damaged goods removed
7d4318e9-9eb8-4ee7-8473-fd828e437688,1046,Lake Bruce,Outbound,216,2024-04-28,Shipment received
a5a25db0-e692-40e5-a73a-0fd2230df75f,1032,Lake Rosemary,Inbound,-303,2024-01-21,
3788a4d7-0e6e-4b77-b905-ba60e4ffbc06,1013,Lake Cherylberg,Outbound,418,2024-03-17,Outbound delivery processed
a51d6a5f-e505-477c-bcb4-e575a1801b4a,1041,Lake Charlie,Outbound,480,2024-04-28,Routine stock adjustment
b616a58d-af9b-472f-a152-7ae3e1cbc6ec,1029,Port Jamieborough,Inbound,-253,2024-08-08,Shipment received
7f980478-551c-4713-bed2-24fd0e1cdf3d,1035,West Natalietown,Adjustment,-284,2024-11-10,Routine stock adjustment
3e6f246d-3045-41a1-be7f-753d8ef78d4e,1018,New Sean,Inbound,-177,2024-05-01,
12d4c2a7-8915-41db-9bd7-2385e8530e73,1024,Robinsonbury,Inbound,-274,2024-03-23,Routine stock adjustment
b29bcca2-2b7c-4092-8381-d2b2934c1f8f,1014,Lake Alison,Inbound,-342,2024-08-09,Shipment received
75e81918-88ea-4a04-89b2-fcbaf1c31ae8,1002,Carolynborough,Inbound,-251,2024-03-17,Shipment received
06da61c8-67ee-495d-86e4-1077ae36dd94,1039,North Carolynton,Inbound,-317,2024-10-27,
f1cec004-416b-4419-9ef7-c9f50676db47,1001,Barberville,Adjustment,81,2024-03-13,
3ab70206-f00a-4fab-9aeb-f9f0fbf3577f,1035,Jonesburgh,Inbound,-285,2024-07-07,Routine stock adjustment
b77ddce8-d61a-4771-a3dc-4f9f6ddb3e01,1009,Joshside,Outbound,294,2024-06-26,Routine stock adjustment
3e9b21c4-d43e-474e-a4f5-cf8a17a8c2c9,1008,South Glen,Inbound,-146,2024-07-09,
965ca742-cb35-4d72-a333-cfd70b44b89f,1029,Websterfort,Adjustment,-228,2024-08-23,
f20115eb-2198-4911-88be-6c5dec99fabe,1048,Port Jonathanbury,Outbound,203,2024-02-18,Damaged goods removed
26f9e454-0bbb-4bf6-8959-2e5880678e34,1013,Lake Josh,Inbound,425,2024-10-26,Outbound delivery processed
c671e420-3b17-4c8c-a948-dd89d5f4da62,1006,Port Kelly,Inbound,455,2024-04-16,
79d77d82-09c4-4f13-a8ff-28474908bb13,1042,South Owen,Adjustment,-449,2024-06-19,Damaged goods removed
0e522cee-962d-4840-847c-eb8ea2122a28,1003,West Glenn,Inbound,-116,2024-11-28,Shipment received
97390156-67cc-4cb2-973c-66430821add4,1003,Bruceland,Adjustment,-8,2024-06-04,Outbound delivery processed
63c8f663-5a05-4416-92e7-d2f2bd148856,1022,Port Vanessa,Outbound,-22,2024-10-27,Routine stock adjustment
a3504c76-79d1-455d-b981-c430b9c87ad5,1042,New Garry,Adjustment,434,2024-04-13,
0ec0db9b-3872-4783-a238-fabe4b0dcc15,1037,Moorehaven,Inbound,378,2024-01-02,Damaged goods removed
74eed7d6-8874-410d-9dfe-fc2c11a4bda3,1048,Port Sean,Adjustment,94,2024-06-06,Damaged goods removed
5342c09f-cc41-432d-a3f3-c7f77210a358,1026,Atkinsonmouth,Adjustment,83,2024-11-13,Routine stock adjustment
9bd1b365-9fc9-4685-bcde-f657e3430eed,1025,Arthurport,Inbound,-434,2024-04-17,Damaged goods removed
b1180c3c-9772-4e2a-aaf1-5a2cff999290,1038,West Erictown,Inbound,140,2024-01-29,
e0ae4790-e7c7-49a8-b297-14436ff4965e,1022,Ballburgh,Adjustment,-363,2024-07-24,Routine stock adjustment
3d15188f-5064-4f19-abd9-4a39804a3b39,1048,Evanstown,Inbound,92,2024-10-31,Outbound delivery processed
e2aa2adf-739d-4587-938e-54e0e5480bca,1044,North Malcolm,Adjustment,-436,2024-10-09,
e313e2de-d4cb-4d44-b4a8-73dc9200128c,1014,Shirleyburgh,Outbound,-463,2024-05-29,Damaged goods removed
5b8009fb-5602-4dbd-aa1a-7791b6067a30,1008,Jonesville,Inbound,12,2024-09-09,Routine stock adjustment
03585b65-b25d-4230-b8d6-d5ec43d679ed,1028,West Katherinechester,Adjustment,221,2024-07-06,Routine stock adjustment
69c98b3c-7797-44dd-a803-76625b3bdc85,1011,Lake Barbaraton,Outbound,-415,2024-10-21,Routine stock adjustment
cae3b158-165d-4adc-9ee7-905f08004ffb,1038,Philliphaven,Outbound,-217,2024-04-05,
7292716c-e478-4642-a74e-6c6ad1554499,1037,South Joe,Outbound,418,2024-07-06,Routine stock adjustment
d1cf9a9e-60a4-4c8b-8778-ef83e624d2d8,1004,West Rossberg,Adjustment,-476,2024-07-20,
ba07a271-ae60-40bd-b324-bd8fe0924a74,1002,Bellfurt,Outbound,297,2024-06-15,
9b9a0d93-2654-4221-bf75-ba84b780f06c,1050,West Darrenstad,Inbound,-20,2024-12-02,Damaged goods removed
46eca793-04e7-45de-a165-55c9ef6f49c1,1050,South Christinefurt,Adjustment,408,2024-01-07,Routine stock adjustment
e0221555-a026-4ea1-9820-fe2a08770290,1026,New Ellieville,Inbound,81,2024-01-01,Damaged goods removed
6557313b-d9bd-47b7-9d1a-ab6c1047bfaa,1031,East Lucyside,Outbound,438,2024-03-25,
928c27ff-0a7d-4246-843e-b851ab351f42,1018,North Denise,Outbound,288,2024-07-02,Routine stock adjustment
cddb65a7-7c92-46a8-a943-70283b12adb5,1036,Henryview,Inbound,-48,2024-09-12,
2dccecb7-f99c-40f9-b728-d6bcd1df70d3,1022,New Melissaview,Adjustment,-157,2024-06-21,
99cce5f2-0413-4260-a90f-cb1cbacd05fc,1019,Nashmouth,Adjustment,-175,2024-11-17,Damaged goods removed
88aa3809-0c9d-492d-a3a9-82a5f68bc0ee,1046,West Julian,Inbound,-122,2024-01-22,Outbound delivery processed
33b4a582-e878-459c-998d-2d67367b50a5,1025,Wallchester,Outbound,126,2024-04-21,
8fb11a7e-2cf8-4b4b-86f6-95ebc72f02db,1015,East Edwardview,Adjustment,-193,2024-06-03,Outbound delivery processed
3956d481-e4df-4692-8cd4-e91d1974ad69,1043,Lambertfort,Adjustment,-279,2024-05-27,Damaged goods removed
32e038c5-8c64-41b9-9b5f-a39a9a761744,1018,New Judith,Inbound,-148,2024-02-06,Damaged goods removed
0bced0c0-bf83-4783-9f7d-53705756593e,1045,Wrightburgh,Inbound,-28,2024-02-16,Outbound delivery processed
e23d0255-f544-4170-b680-e2845e49e7a7,1050,Hardychester,Adjustment,488,2024-11-06,
7a6eec03-3428-4aeb-9f31-65c75115617d,1010,Normanland,Outbound,499,2024-01-16,Shipment received
70cb4510-b447-4066-ac9c-2e8510f38a4d,1050,North Kelly,Outbound,271,2024-08-21,
47877951-085c-4de8-8c61-45044fee4a1d,1023,Andersonborough,Outbound,67,2024-10-22,Outbound delivery processed
aa532491-634b-4580-a128-a378f0d10295,1023,Port Jessica,Outbound,486,2024-07-18,Outbound delivery processed
467d56bd-a10e-4b9e-ab42-fdb178aab07e,1026,Port Elliott,Adjustment,-302,2024-03-03,Shipment received
e45fff68-1193-4417-843a-10416dddc792,1047,New Judith,Outbound,-184,2024-11-07,
010868c7-79de-4334-804f-742fdf34eb46,1033,South Ellie,Inbound,-342,2024-06-22,Routine stock adjustment
e15fa0aa-75d7-4f4e-8cc9-6517297e5008,1010,South Kirstyfort,Outbound,-308,2024-08-13,Outbound delivery processed
a60f6c11-2514-497b-b731-9a718bf44eff,1005,Nathantown,Adjustment,302,2024-10-07,Damaged goods removed
0984abd5-fb22-4d6b-8658-40a8e3263a4b,1021,Reeceberg,Inbound,-78,2024-09-02,
fc1e5668-3187-4781-b4e2-07e270fdf9fa,1025,Stephensonburgh,Inbound,500,2024-04-10,
412d8999-871d-40e1-8b65-0381dda6d59f,1021,Annaville,Inbound,100,2024-05-28,Damaged goods removed
57a05def-fab5-4c3f-9903-dabc502ffee7,1009,Port Guy,Inbound,-52,2024-02-20,
258108e6-c96f-4c48-b551-964a45f8fe2b,1050,Rebeccaport,Inbound,-483,2024-05-12,Damaged goods removed
02b87879-b949-4924-b8de-5c0c0bd289cd,1034,Elliotville,Inbound,-144,2024-08-07,Outbound delivery processed
8eee3d02-3dbe-4fe5-8257-5fe2445335a5,1007,Hannahhaven,Adjustment,394,2024-02-18,
2bd8a690-a215-4839-ae99-4f6b0a33a8d6,1049,Thomasbury,Inbound,117,2024-08-29,
254f6762-419e-4a47-9ac9-a2b722ea9b78,1028,Brownview,Inbound,-60,2024-08-01,
570bc88d-d5f9-4065-955a-f7c965a62456,1007,West Elizabethland,Inbound,64,2024-05-04,Damaged goods removed
5323b6d2-4356-40da-ae73-532b277ca152,1037,Vincentchester,Outbound,245,2024-04-10,Outbound delivery processed
6dad6954-068e-410d-b36f-78cb28ab2d12,1021,East Charlottefort,Adjustment,-500,2024-06-04,Shipment received
26eb2bf7-46a1-478c-8f83-e7e2fab72956,1007,Rachaelton,Adjustment,447,2024-08-22,
ff43ed8d-1a48-4fcc-8cee-45212033c3bd,1023,Dianafurt,Adjustment,-206,2024-06-16,
a14fda0a-41c4-434a-badf-4669e7852967,1043,Port Naomiport,Inbound,383,2024-11-26,Damaged goods removed
706e66d6-e17c-4296-8c18-0ddc9a783af6,1004,Perkinschester,Adjustment,-122,2024-06-18,Outbound delivery processed
d0e20522-964f-4749-8830-c1276b257917,1030,Jonesfurt,Outbound,-103,2024-01-14,
80f4e0d0-20e4-4146-ba8d-576c60df0e91,1027,Christianfurt,Outbound,298,2024-10-05,Shipment received
568f9f0c-95ca-4c22-88ce-e4128262dba8,1006,East Hazelburgh,Outbound,62,2024-05-02,Routine stock adjustment
c773e883-a274-43d3-94c9-1f1173f5b110,1013,Port David,Adjustment,-302,2024-06-02,Damaged goods removed
ac782c27-cbf2-4c97-9e11-5e84f41dfd93,1004,West Lesleyfort,Outbound,292,2024-03-25,
ce47e3d4-9138-4038-ba44-c74f47a885cf,1043,Williamsmouth,Adjustment,338,2024-09-04,Routine stock adjustment
23a92c75-61da-430d-8ec2-247f82ad46e5,1036,West Diane,Inbound,-166,2024-04-06,
554214fd-f204-412b-8577-75adc569baef,1004,Bennetttown,Adjustment,-382,2024-02-10,
18662069-b612-415d-8adb-8eb361da1f42,1034,Brandonport,Inbound,441,2024-09-09,Routine stock adjustment
f4f5d04c-5800-46d7-b395-f2f687e56ccc,1036,Samuelville,Adjustment,-499,2024-03-13,
83efe0e3-b699-457b-b8e0-573bf35de994,1008,Seanland,Outbound,-321,2024-07-05,Damaged goods removed
681207b6-918b-43b4-bd53-d1b0c637bc79,1003,Russellberg,Adjustment,-42,2024-10-11,
98ce5877-39bb-431a-a6de-66bdce1a1ae4,1030,West Rosieport,Adjustment,-485,2024-07-09,Damaged goods removed
80a4072a-6ec2-41be-9d75-134fb28e5bea,1003,Marianhaven,Adjustment,161,2024-10-30,Shipment received
5eeba127-2414-43bf-9e64-fd2b4feb7827,1008,Fostershire,Adjustment,231,2024-08-18,
4f85269b-f921-43f0-a39c-56a496969318,1015,Lake Annton,Adjustment,-137,2024-03-19,
c806aa36-19c3-4814-9976-ab9ef9a9e004,1032,Derekton,Inbound,265,2024-04-04,Damaged goods removed
cdf1160a-184b-4261-a054-6fea95953ed8,1040,Mollyside,Adjustment,51,2024-07-11,Outbound delivery processed
4ec1f2f2-2e63-4882-a66f-04844941a354,1032,West Lindsey,Inbound,-251,2024-03-24,Outbound delivery processed
595048b1-e484-4700-9d44-8f3428f83add,1029,West Katy,Adjustment,281,2024-08-03,
dda718ba-b9db-4293-b0ce-79f6634466a8,1024,Yatesshire,Inbound,500,2024-05-30,Damaged goods removed
51f5eef5-6de6-4318-8592-de15027cb3fe,1046,New Naomi,Outbound,-385,2024-09-02,Routine stock adjustment
6f6573c0-bbd0-4aab-bb75-ebbe3b5c5b85,1021,Johnsonton,Inbound,-359,2024-01-04,Routine stock adjustment
b7a89cfe-9a01-401e-a809-716f0f710bf8,1033,Clairestad,Adjustment,182,2024-08-16,Shipment received
a4e42642-1dbd-4593-bfdd-c942e3caab71,1050,Kathrynside,Adjustment,-403,2024-04-18,Damaged goods removed
46b02c82-37de-4e32-8c02-db76f870ae26,1040,Lake Stewart,Outbound,396,2024-07-02,
5d0a5af5-f9fc-4662-a4f6-eeb9776c1282,1016,Shaunside,Outbound,110,2024-03-13,Outbound delivery processed
c483aabb-f4e3-4331-9d83-f94860dde53c,1049,New Bernard,Inbound,343,2024-03-18,Damaged goods removed
ec118161-7376-4ddc-90ab-bf274264f4ec,1041,West Robinbury,Adjustment,-342,2024-04-20,Shipment received
ae574a70-df77-43da-8646-495ec7d5b95b,1008,Cartermouth,Adjustment,-423,2024-03-26,
b23796f0-f04b-4fb3-9119-05427cc7959b,1031,Priceland,Outbound,-115,2024-05-06,
741af6c4-624e-4d6a-b198-6c83fbd8ea1a,1001,Port Pamelaland,Adjustment,479,2024-06-28,Shipment received
0f2d76e9-f3dc-4505-bce6-266b115b3201,1038,Cookhaven,Adjustment,111,2024-02-12,Routine stock adjustment
a1dceeba-c3f5-4650-8c5e-bb99d6eacc73,1018,Leighmouth,Outbound,-324,2024-07-15,
2586e7cd-ec00-4d0a-93a8-7162f8559014,1027,North Lynda,Inbound,-340,2024-02-23,Outbound delivery processed
7c38a361-7942-4ffb-972b-a5d694b11d6b,1049,Bradleyton,Inbound,-71,2024-09-04,
6ae8e3fa-465e-4fce-b5d6-ad7ddb3621e4,1036,Shanemouth,Outbound,-377,2024-11-26,
d1c73428-7ac5-4e3e-8fad-e6351f8ed826,1006,Port Barry,Adjustment,-40,2024-10-13,
80662f61-e1bd-4ad8-9eb7-92131914970b,1050,East Kevin,Outbound,-160,2024-02-25,
93427bde-affe-4b30-aa16-6d3df78b7451,1029,South Russell,Outbound,309,2024-08-30,Shipment received
c624f788-b66d-479c-b824-3a9cef667772,1010,Margaretport,Outbound,-316,2024-07-16,
1081fffc-807d-4b0a-bda4-fa991d298ae4,1035,West Beverleyville,Adjustment,-314,2024-06-01,Routine stock adjustment
770b0696-22a4-41c4-8a9e-e09e55f28a03,1012,Hillview,Adjustment,-34,2024-11-09,
9ba38dbe-702c-4dfb-8255-24c89b63c657,1019,South Julian,Adjustment,103,2024-11-15,Outbound delivery processed
3047d7ac-ca34-4bd6-93d6-eeb9b3064733,1015,Lake Pamelahaven,Outbound,375,2024-10-21,
44a3174a-9c4f-4ac3-b7c5-af4c56819b85,1012,Coxfort,Outbound,-217,2024-10-25,Outbound delivery processed
022cdf2c-dc22-49ce-a9ef-3568d2ddd068,1029,Greenberg,Outbound,-64,2024-09-17,Outbound delivery processed
23c4de03-8b79-4de1-8b4f-03947e028324,1047,New Mohammad,Adjustment,193,2024-02-08,
51bbfcb9-8a78-4954-811a-deee80db0643,1028,Frankshire,Inbound,-263,2024-09-26,Damaged goods removed
d1ddd9b2-7666-47fe-ab12-02e6b037a262,1035,East Marilynview,Adjustment,245,2024-04-19,Damaged goods removed
7ca015ce-12e3-49bf-8f21-0cbd1ae57bab,1032,Lake Alan,Adjustment,187,2024-08-28,Routine stock adjustment
fa1eb731-488a-4d99-a525-614867d8f7e2,1022,Paulachester,Adjustment,-300,2024-12-04,
8f68706a-67e7-4dbb-8b8c-dc6fc50e1275,1022,Turnerstad,Adjustment,30,2024-09-04,
28e5a002-212e-43fc-b5b7-1d6fa1a7bcfc,1014,Lake Aimee,Adjustment,-470,2024-08-19,Shipment received
9ebc5925-bfa8-4d2c-a4b2-3fb9e346f7ce,1014,Port Debra,Adjustment,-289,2024-11-09,Shipment received
777d7b17-87a9-42aa-a6b7-6ec7c4983833,1036,East Jillberg,Outbound,81,2024-02-04,Damaged goods removed
b331e64d-5989-4f83-bddf-5c15bac02f78,1022,Lake Frederickview,Adjustment,158,2024-09-18,Outbound delivery processed
04e71b37-a761-4310-a63c-8de2f3f0c600,1001,Shannonborough,Adjustment,-286,2024-12-04,Shipment received
2ca1c1a8-1135-416f-a2c5-af509c235aaf,1023,Cliffordberg,Adjustment,-52,2024-08-24,Damaged goods removed
45fab91b-8db9-42b9-8438-46eba7d94e08,1013,West Kirstyview,Adjustment,316,2024-06-15,
6f5c61af-b885-4b92-9a9b-10a22dbd30db,1002,Susanview,Outbound,-94,2024-08-07,
c938409a-ce66-48a0-bd0c-88f36d54a0da,1023,Humphreysfurt,Inbound,7,2024-05-29,Outbound delivery processed
009e797b-a611-4be0-a7ae-b5a70867e334,1023,New Francesburgh,Outbound,-231,2024-08-16,Shipment received
e38b85d3-0ee9-4629-a977-fcf4fbaa8fbd,1039,Seanbury,Inbound,307,2024-02-19,
54669a65-27df-447e-843f-5fa7c43e6720,1015,East Diane,Outbound,348,2024-06-03,Routine stock adjustment
a9982994-8030-4025-8f44-fbba85f69374,1046,Mitchellton,Adjustment,120,2024-01-24,
4111f4d8-4566-4f6d-b62e-7a3b3b33871c,1049,West Neil,Inbound,364,2024-11-11,Routine stock adjustment
51b75746-3a04-437b-8c13-a62cfc8aa57f,1019,Jordantown,Inbound,-122,2024-11-11,Damaged goods removed
6a98e31b-7170-4847-acbe-4df8f734a770,1018,Port Dannyberg,Adjustment,398,2024-05-27,Routine stock adjustment
2d2127a2-b148-4d6b-ab00-160ddd91e941,1037,Kellyberg,Inbound,49,2024-05-26,
75899449-df73-4104-870f-9880232c1a5f,1048,East Sean,Adjustment,418,2024-03-12,Damaged goods removed
71a466e6-a6de-4b78-ab76-ada009490eb6,1007,Port Janiceside,Adjustment,-173,2024-10-25,Damaged goods removed
643fb144-0375-4fae-83f9-f58f95651557,1006,New Kellyshire,Outbound,-22,2024-10-23,Shipment received
0eb9a67a-8903-4cbf-aa5d-864d1ce53055,1009,West Jasmineport,Adjustment,499,2024-09-26,
4879a2e3-40d4-4a7e-b473-2786be7009b8,1034,Charlottechester,Inbound,364,2024-06-09,
2b213c81-a6cb-4ed3-8a25-080f734e8f40,1009,Peterchester,Adjustment,-35,2024-11-17,
8ccb2386-3f76-433c-81f9-df42d6dbfa5f,1035,Robinsonmouth,Outbound,-72,2024-02-09,Damaged goods removed
25cd6bce-37d3-437b-a424-9d0051452c44,1023,East Megan,Adjustment,-133,2024-02-29,
ae104e1b-e089-4fdd-b7eb-8803005a1724,1044,Port Wayneside,Adjustment,-432,2024-11-03,
39a8458e-2bd9-4acf-86a7-13be08bdc4e6,1021,South Craig,Outbound,339,2024-04-25,Shipment received
45183330-bc3f-4435-ac3c-373566e1bb8d,1034,Holmesville,Outbound,433,2024-08-24,
15d7437b-6d32-4e75-ab78-6cacf4b30c70,1030,West Adrian,Adjustment,-150,2024-07-22,Outbound delivery processed
77dd3386-9697-42e7-a1c7-6dd4fea64f1f,1016,Reeceside,Inbound,-92,2024-01-26,Damaged goods removed
f3eca22d-dae7-4cdb-ba01-151eaeba55e2,1047,Kevinfort,Inbound,-107,2024-01-11,
a2d60ee0-aa19-45e5-beff-2b85179b5110,1024,New Rogerstad,Inbound,-318,2024-05-14,Routine stock adjustment
40197eef-0cc9-4325-a561-9f2da0a42933,1003,Mitchellchester,Inbound,200,2024-01-11,Shipment received
48bcf2b1-bee2-4385-973d-169d818b17ed,1035,Andrewhaven,Outbound,33,2024-12-08,
3f62797c-79f1-4976-8cd4-6e6268db7fcb,1005,North Richard,Inbound,-393,2024-04-15,Routine stock adjustment
cee7e9a2-cf31-4048-8531-e23df0685bc8,1033,Joneston,Outbound,-149,2024-04-15,Damaged goods removed
389b491c-e8c6-417d-973c-3b4d95ff29ab,1029,New Antony,Outbound,-75,2024-03-11,Routine stock adjustment
73c6b671-9545-4099-9eb0-46b5c7071b8d,1008,Port Wendyland,Inbound,494,2024-09-11,Shipment received
51b3ad9e-bd2c-48a4-9a64-3f5b837b57ef,1046,South Leonmouth,Outbound,-491,2024-03-11,
04514359-e5f4-45b0-b09e-cb76278d109e,1048,Marcland,Inbound,-369,2024-02-29,
9c954043-15c7-45d3-830c-035a1c446f28,1023,Rossland,Outbound,-438,2024-01-01,
b94b5fc5-134d-4229-a2de-227d5d1fc302,1025,Charliehaven,Inbound,-369,2024-08-20,Routine stock adjustment
3f80c587-144b-45bb-812d-cf14a08e98c2,1034,Tonyfort,Inbound,-441,2024-02-03,Shipment received
4a83cfae-5bfe-4843-bcbb-7292dfa5a82f,1027,North Louise,Outbound,195,2024-02-01,Outbound delivery processed
5513f7f1-e700-46f3-aff0-5e0d340193f9,1050,Port Naomi,Outbound,280,2024-09-22,
4799b176-10c9-4d93-97cc-aac581bd8f7e,1008,Wardmouth,Inbound,-375,2024-08-07,
5318b6fa-53f0-4d06-81ac-5e591d4fe192,1031,Jessicaborough,Inbound,161,2024-11-13,Shipment received
6c6a61b9-cb20-45c2-822d-6a2483f3bdad,1049,North Bradleyfort,Outbound,-415,2024-04-25,Routine stock adjustment
5fa1e54d-68ac-4fcf-b493-28733381dfb8,1010,Denisefurt,Inbound,-266,2024-03-31,
0abf24df-4a69-48aa-9cca-37f0cdde192e,1021,Parkerborough,Outbound,-368,2024-05-02,Damaged goods removed
29e6657f-1353-469d-acb1-bc0f03a74833,1007,North Gillian,Adjustment,220,2024-06-11,
3b83aeba-a658-473d-8f61-4acd93a5ceac,1006,South Mandybury,Outbound,-16,2024-01-23,Outbound delivery processed
98f36f46-3b21-46d3-9696-559c709678fe,1025,Lake Francisland,Adjustment,-136,2024-05-21,Damaged goods removed
d013e2f3-91e4-4cbb-b64b-c4f5222aa51e,1026,Lake Bruce,Adjustment,60,2024-05-14,Damaged goods removed
7f1b53b6-fcb3-4d71-83b3-3b2563ea6a3b,1025,Jayneport,Outbound,371,2024-04-29,Damaged goods removed
03f2ff69-53b5-468b-be6f-b01162536fd1,1038,Port Clairefurt,Outbound,-83,2024-11-23,
121d6fd3-0195-426d-a1af-b50974954a5a,1044,Jonesside,Adjustment,-329,2024-02-07,Routine stock adjustment
0fb216f5-65eb-4417-9fe8-84afb15cc8e1,1029,Annettehaven,Adjustment,335,2024-03-30,
98f18aff-5def-45fd-a071-e94b6bc70bc0,1050,North Alexville,Outbound,-131,2024-10-17,Routine stock adjustment
025dbc46-46ee-4604-ad5d-8784b1f209da,1037,East Leigh,Outbound,361,2024-02-25,Shipment received
94ed53c3-54a2-4bce-9ba0-702f0cb6487f,1023,Graemeview,Outbound,-164,2024-04-27,
493768c6-3532-4838-a0a5-7c6e0d2f9880,1025,Williamsshire,Adjustment,-80,2024-05-24,Outbound delivery processed
3292d2b4-5cf7-4668-9525-2c10f48bc74e,1024,West Josephchester,Inbound,138,2024-07-19,Routine stock adjustment
26b430a0-dae3-443a-91e8-33f8a0851dbc,1043,Jeffreymouth,Outbound,441,2024-07-18,Damaged goods removed
2d6a786a-2146-4a22-9b5d-ff1bd20a6578,1031,North Rossfort,Adjustment,185,2024-08-17,Routine stock adjustment
f57633c3-709a-4786-838e-53329e054f9d,1003,New Julian,Inbound,257,2024-03-06,
6d5d114a-e798-4c45-8bcc-3d00124cb436,1022,Rileyfort,Inbound,395,2024-06-22,
9b738fc4-3ff1-406d-a140-c0962282b08b,1019,Patelfurt,Outbound,-277,2024-05-12,
1b5c58d9-e7f0-4ef7-a83c-98f6af4ef46c,1034,New Bernard,Inbound,324,2024-09-25,
31eb2a71-5f74-4214-8f43-250c74e86de5,1034,Georgemouth,Outbound,158,2024-02-06,Routine stock adjustment
e0e02a6b-2b06-45c6-8604-c84b5e69fe62,1008,New Henryport,Outbound,235,2024-05-30,Routine stock adjustment
127144f7-1981-41b7-8838-fd6bf4ddc4cf,1013,Fosterburgh,Inbound,77,2024-08-23,
498e1c0e-5e59-4e64-933e-9c5c3c616dc0,1047,Mandyview,Outbound,-214,2024-10-14,Routine stock adjustment
ae7a5240-9a8e-4dc8-9b64-ea2be163ae86,1034,Kaurburgh,Outbound,-122,2024-06-30,Damaged goods removed
5c536ab6-6461-4ead-8bf6-bd9797c7d6bc,1050,Abigailland,Outbound,-234,2024-01-02,
712536f3-5dad-45de-b869-f46ba0dadefc,1022,New Vanessa,Adjustment,318,2024-01-16,
777db252-4065-40ab-8ad3-40b317907166,1039,East Brianstad,Inbound,491,2024-04-20,
67419944-dc66-44c2-ae8f-7e32d3645cdd,1009,Port Stewartberg,Adjustment,-420,2024-06-26,
79be12b6-8f3f-40f7-8d71-cbf4d801596e,1002,Shirleyberg,Inbound,-314,2024-05-21,
cec16d3d-3ffc-44bb-8d6d-baadb13c2d63,1007,East Stephanie,Adjustment,359,2024-03-12,Routine stock adjustment
506c8aac-bd39-4959-b2e3-f3731d401098,1029,Barnesside,Inbound,-175,2024-04-29,Outbound delivery processed
da83ffd0-7938-4fd3-b8fa-06ebfd5f7241,1046,New Jenniferberg,Outbound,172,2024-10-18,
5c484a3b-3292-488e-8ad2-b8baa075c100,1010,Lake Paula,Outbound,381,2024-10-23,
ff0df039-6d50-431c-8fc9-e14c295ae752,1018,Goddardtown,Outbound,-77,2024-05-14,Routine stock adjustment
50a5758f-3daa-4a15-94ff-8530ad289bca,1030,North Joshuaport,Outbound,401,2024-03-01,Outbound delivery processed
02278fe3-e301-492b-be3e-2b205fa09698,1027,East Tonyland,Inbound,28,2024-03-23,
96b4d873-4092-4c85-8fdc-ae3e12004041,1009,East Toby,Outbound,-427,2024-01-18,Outbound delivery processed
435da780-0768-4fcc-8bd9-40b9f97a57f0,1011,East Heather,Adjustment,-188,2024-06-07,Shipment received
c9a6062d-0c1c-442e-8d4a-ffe29685fbbc,1043,Richardstown,Outbound,117,2024-02-20,
2e7f4a30-af25-4dc9-a278-488334dbc727,1017,Henrymouth,Adjustment,-236,2024-09-28,
dacf28da-88d6-4301-ac6a-2b3942740ff9,1015,Joelshire,Inbound,488,2024-08-16,Routine stock adjustment
35d7fdce-ea8c-41d0-8d48-2f9c0859a6fd,1027,Donaldstad,Outbound,-262,2024-10-07,
70a05a69-8ade-4842-83fa-816f8293fd90,1047,West Elaine,Inbound,-121,2024-05-17,Outbound delivery processed
af724aa2-52b8-4707-98a3-b36aa4a5f4f9,1038,Sallyville,Outbound,242,2024-03-12,
eba51695-220e-48cb-9188-9d4389a59d43,1014,West Debra,Outbound,-72,2024-04-01,
e9026875-5837-4075-afbb-5d3c98d0826d,1049,Mollyshire,Adjustment,-214,2024-01-07,Damaged goods removed
75e74a98-2a3f-4536-a790-342698ba28a5,1011,Lake Ashley,Outbound,-281,2024-10-18,
a6530590-7a7c-449e-b869-dbff50d6dd43,1006,Barrettmouth,Adjustment,426,2024-06-11,
ca3b1e29-0778-4fb4-ae07-06f5627a808f,1012,Barberville,Adjustment,119,2024-06-30,
00e5ef31-7222-47e4-9ef2-7a3d8a1c4222,1016,North Mathew,Inbound,-324,2024-11-14,Shipment received
3ba4de0f-a171-4cc7-9ef5-b378a1730058,1044,Port Aimee,Outbound,-177,2024-01-15,
09c6e774-800e-4c72-a465-2548a5c40557,1031,North Dianafurt,Adjustment,405,2024-05-31,
5dba6020-1fce-4276-9f87-e73ebe08a823,1028,West William,Outbound,-132,2024-06-20,Routine stock adjustment
494f8ad3-68d5-442b-b0b4-8c665bdf8cc8,1016,Port Lindsey,Inbound,404,2024-01-21,Outbound delivery processed
d7fb6012-913e-438c-b11f-6fe090432bc1,1015,North Marionshire,Outbound,216,2024-08-14,Damaged goods removed
6c2657a7-986c-4ae5-bc64-8c8986e36535,1002,Victoriaberg,Outbound,235,2024-11-04,Outbound delivery processed
bb9d090d-60f7-4562-bc31-7634cec4237c,1044,Millshaven,Adjustment,287,2024-06-28,
ae26e772-b156-4072-b8b2-4841d30b3bb9,1014,Lake Reeceton,Adjustment,-81,2024-08-11,Shipment received
4a8826bf-6c3d-49f4-adf5-1004abcf233f,1011,Donnellyville,Outbound,-270,2024-10-05,Damaged goods removed
dac1190f-3655-4340-8702-71b54d793458,1001,New Pamela,Adjustment,-354,2024-09-30,Outbound delivery processed
e83a57d1-4eb6-4b1e-b53d-a688c9ca1d4e,1027,Tonymouth,Outbound,193,2024-08-31,Outbound delivery processed
1d7fb3f1-5944-4ced-bd64-209fd344a111,1050,Reecechester,Inbound,88,2024-04-10,Damaged goods removed
961e2356-75dc-4f83-b81b-e6d42ad17a28,1032,Lake Liam,Outbound,83,2024-01-03,Damaged goods removed
dc48eced-fdf3-40a5-889f-997da0bcc1b3,1031,South Joannatown,Outbound,174,2024-01-11,
02d8c2d4-73f3-4d1e-a633-dee3c8400861,1032,Greenport,Outbound,-109,2024-10-03,
ed9c6c8d-ea1a-410c-b9de-b1061f2f0193,1041,Rhysburgh,Outbound,-234,2024-11-30,Outbound delivery processed
d5449894-b9b2-46d0-bad4-e5782771a242,1014,Port Maria,Inbound,422,2024-07-29,Outbound delivery processed
b52fe034-5987-433d-a681-b9d3e1ce1ce9,1015,Kellymouth,Outbound,351,2024-07-01,Outbound delivery processed
89f09931-78fe-493b-a423-292d86145d20,1024,Lake Elliot,Adjustment,377,2024-03-12,Damaged goods removed
0484dcf7-1594-4465-8326-312c9831933b,1035,New Robinmouth,Outbound,307,2024-08-21,Damaged goods removed
5309d269-418a-4396-aedc-37d7569a162f,1015,West Guyfurt,Inbound,-97,2024-07-02,
4b05f2ec-3440-4280-893e-ad020efd3c52,1017,Richardmouth,Outbound,-475,2024-04-19,Shipment received
2274bb4c-382e-48b1-aec3-d0aed611c5f8,1007,East Abigailton,Outbound,-417,2024-05-10,Shipment received
2c72d2df-35e2-4419-84e6-e51a33173d2a,1032,Hamiltonfort,Adjustment,5,2024-09-24,Outbound delivery processed
77c4dc5f-b90d-4507-9688-c82629dda5aa,1047,Wilsonview,Outbound,-105,2024-09-01,Routine stock adjustment
57168567-205f-4079-89d0-50fd180c6bba,1002,Sharpland,Outbound,-350,2024-07-05,Outbound delivery processed
2020df9e-02c3-44e8-a5e8-22af94b75ffd,1013,Baileymouth,Adjustment,-246,2024-06-24,
07f8ca55-7c55-491e-b6ce-c34cce62a416,1048,Lake Garry,Adjustment,270,2024-08-24,Shipment received
887342e4-47ba-4805-87be-ccacad2e52da,1037,Lake Ashleyton,Adjustment,-225,2024-10-05,Damaged goods removed
92f3052e-fbfe-490f-8b8a-40e44042a05b,1046,Frederickhaven,Outbound,-265,2024-08-04,Routine stock adjustment
21f0133e-19bd-45e9-9a8f-ff41e4f9e9ec,1016,Allenborough,Outbound,-279,2024-02-09,
3973b45a-fe99-4b37-916f-fbcad2c8b0be,1013,East Joan,Adjustment,105,2024-09-27,Shipment received
6d494b57-0657-40d3-9cb8-4e62f31cded3,1002,Scottbury,Outbound,461,2024-10-11,Outbound delivery processed
57cd1bf4-69ea-4c41-86fb-89f9c54b7531,1027,Aaronton,Adjustment,-345,2024-04-14,
cbb26b4b-1888-4c1b-a6ea-0285cde97477,1013,Lake Frederickville,Outbound,-138,2024-10-01,Routine stock adjustment
aad0497c-70dc-4637-9253-ffc2b66c2ea7,1038,North Kate,Inbound,292,2024-06-07,
b3a30288-48bc-4a8c-bd1c-c364ddbf6816,1037,New Marc,Adjustment,-217,2024-03-31,Outbound delivery processed
4fd0c09b-1787-468f-afeb-0c9300eb6c9d,1020,Coxville,Outbound,-363,2024-01-25,Damaged goods removed
6c4bbd53-be2e-4c36-ba47-027b70c37bec,1004,Lake Gail,Outbound,85,2024-02-25,
c38f9180-e4c0-4d15-9578-ab7df9d16e73,1017,Gavinside,Inbound,-406,2024-04-03,Outbound delivery processed
62518ac9-6cfd-4472-bbca-84702085b6e1,1026,Dawnton,Adjustment,242,2024-04-07,Shipment received
f9619502-cc13-457e-bf0e-3289c8e2d2ba,1022,South Derekborough,Outbound,236,2024-04-25,Shipment received
6e12e4e3-87bc-4357-abc2-b9e708b4e9e7,1039,Aaronland,Adjustment,438,2024-02-07,Damaged goods removed
e9de4c35-7a0b-4ee1-b49b-897e76d536d4,1026,Jonathanborough,Inbound,-68,2024-10-22,
b942f669-24b8-42f7-a89c-ea2718a5db4b,1013,Hollowaymouth,Inbound,-397,2024-09-17,Shipment received
e0267a45-e808-4074-8b72-cfc537fc6891,1028,East Jeremyfurt,Adjustment,-351,2024-03-19,Outbound delivery processed
c768af3a-8dd3-4518-8731-8c62096f9edd,1043,Whiteview,Inbound,436,2024-06-01,Outbound delivery processed
c1c956b9-1369-4f48-a054-feff718053f8,1034,West Douglasfort,Inbound,-342,2024-08-11,Routine stock adjustment
c3bdc4e0-7b41-4c5f-bf66-8b501adf2856,1050,Port Geraldine,Outbound,105,2024-06-26,
2bfcfa58-4bc5-4618-963a-f041c3915685,1049,Thomaschester,Outbound,-484,2024-04-23,Damaged goods removed
44a26a57-f202-4e65-8888-1b1f1e9c31e0,1008,New Shauntown,Outbound,20,2024-03-24,
33eb9048-5dc1-40ee-8372-d573556f9483,1027,South Josephview,Inbound,439,2024-02-13,Outbound delivery processed
f62ee526-af1b-4e34-b31d-18f8284b6509,1048,Duncanport,Inbound,51,2024-02-29,
1b96b05a-2c1e-4e8e-a3f5-30b161122e6f,1020,South Heather,Outbound,-371,2024-03-05,
a7238f62-7b2d-4b46-aed8-24c9f579aa76,1025,Leannefurt,Adjustment,-500,2024-04-01,Shipment received
4b00a789-a133-4189-817f-38389ed0541b,1045,New Hilary,Adjustment,-341,2024-12-11,Routine stock adjustment
e4846047-0d3c-4834-8bf2-098f31675495,1012,New Katie,Inbound,-310,2024-07-12,Routine stock adjustment
ee0c13a2-93a3-47b9-91a6-efa13f87f54c,1041,North Kerry,Inbound,97,2024-12-11,
d02ac4c6-b129-4c80-b57d-8e49d608d4fb,1007,Henryshire,Outbound,404,2024-03-06,Damaged goods removed
55ca1762-6e54-442f-a486-b269b8e48665,1002,Woodburgh,Adjustment,-356,2024-05-05,Outbound delivery processed
941edc31-a486-40f9-a294-9be963858d98,1045,Woodland,Inbound,83,2024-07-16,Damaged goods removed
fcbf0453-e14c-40a9-8d53-68b0c2b63bf9,1049,Iqbalchester,Inbound,-390,2024-08-09,
1fc9df5b-9c0d-4ccb-9fc4-b821ddbf50ef,1038,Phillipsside,Adjustment,392,2024-06-03,Damaged goods removed
e35e2ec7-10a2-4b33-9085-737290723460,1037,Dalefort,Adjustment,326,2024-08-28,Routine stock adjustment
cbfb6d4a-0145-4abf-a1fb-0ed7f0c90dea,1024,Kaurmouth,Outbound,67,2024-11-29,
0f93f61b-be05-4a54-8b71-23d153bd4d6f,1006,Fletchermouth,Inbound,-66,2024-06-23,Routine stock adjustment
b831eccc-6fb6-4d54-b81a-8e7797f4fd99,1043,Lake Jade,Outbound,-223,2024-04-19,
1cefa12c-c87c-4929-8fb9-13f8be9abd5a,1012,Port Marionmouth,Outbound,-391,2024-05-16,
1c0b486c-ac67-4f9a-96e0-aa92629e4094,1041,Nashberg,Adjustment,6,2024-01-26,Outbound delivery processed
83808b14-bb7b-4bfe-866b-fa6c3e3ff7e1,1042,Smithton,Inbound,-426,2024-04-20,Shipment received
5c9cb9aa-4bd4-4934-9134-50a4fe4c76ca,1004,West Catherine,Inbound,3,2024-03-24,Routine stock adjustment
bd377c9a-3509-4ed8-b0ab-3d4fe755c10d,1027,West Marilyn,Outbound,394,2024-03-24,Outbound delivery processed
f2b81913-a154-4c11-a6dc-4ffbbe9aa6f4,1006,North Gerald,Outbound,-298,2024-11-05,Routine stock adjustment
8a257fcf-816f-4464-b781-88c016089615,1005,New Aimeeport,Adjustment,-499,2024-03-26,Routine stock adjustment
39cedc0c-1dac-490e-90d9-a49d4b173374,1034,Port Shannon,Outbound,-363,2024-04-20,
f2fc4408-61d3-4afa-ab50-d2e366c299ea,1001,Teresaton,Outbound,350,2024-01-21,
355d527b-43b1-4d28-9236-2417e311a96c,1027,Wardstad,Inbound,195,2024-02-13,Damaged goods removed
0283cb8d-1401-4957-ac22-fbddc5461e22,1042,East Leslie,Outbound,474,2024-08-09,Damaged goods removed
03ab0e8e-3694-4921-a7bf-dfcd6d16be01,1050,Jennaburgh,Outbound,-87,2024-12-09,Routine stock adjustment
b8dcb49a-3567-4450-97a0-40cf835ebe7a,1030,South Charleneview,Outbound,211,2024-11-09,Damaged goods removed
87b11e14-0092-40d8-a2c2-5d25eff4cac8,1049,New Gerald,Adjustment,476,2024-07-27,
25895c15-2641-4a85-b3be-68d061e197be,1022,Victorburgh,Inbound,497,2024-01-17,
ddedd6a6-8038-40e2-ad34-3c2024fd1e64,1011,Vincentton,Inbound,466,2024-10-09,
67796f2e-e464-4efa-8f62-3c391521c938,1050,Lake Lindsey,Adjustment,65,2024-02-27,
4a36bbba-db4e-4224-bd35-bc3916853ff4,1017,Meganland,Inbound,-341,2024-03-02,Routine stock adjustment
25eed220-9a37-48ae-843a-22c1e7ac1c35,1023,Christopherville,Inbound,225,2024-01-21,Damaged goods removed
a3607370-2ebe-424c-95e3-fb505eb0dcd2,1001,Grahamport,Adjustment,48,2024-08-04,Damaged goods removed
7c556db4-a13f-4964-8343-74c6b0213797,1014,West Jill,Inbound,498,2024-03-06,
f5cdd866-aa34-4ac2-8eb4-f28c6b98434f,1030,New Nathan,Outbound,162,2024-05-17,Shipment received
71e48f46-fc61-46aa-8be8-b8df4e3c9b5f,1040,Port Donaldside,Outbound,103,2024-02-20,Damaged goods removed
e819d968-491e-4f47-ab4e-8f16b071708c,1008,West Karenton,Adjustment,-148,2024-10-02,Shipment received
5245183e-154e-482f-87a0-b0642779fe10,1012,New Mohammedview,Outbound,-31,2024-04-04,
6d8fb5b5-824a-4248-aefa-369ab15e2557,1041,Glenton,Outbound,397,2024-09-01,
1497fecf-04ca-456f-92e5-d04da21233e6,1044,New Rita,Adjustment,-49,2024-11-09,
26f834c7-f19d-4d7d-8b59-6f13a51e71c2,1032,New Ryanfort,Outbound,62,2024-03-20,Shipment received
69bbdc60-3a29-474a-8e2f-8244a4f1d80f,1036,Grantshire,Inbound,-52,2024-09-13,
46ca126b-49b6-48c8-96b2-e799e9fe2109,1046,Hutchinsonfort,Adjustment,420,2024-08-18,Routine stock adjustment
5a846c29-4281-4129-8f79-35ecd0d3812e,1006,Summerstown,Inbound,48,2024-02-07,Shipment received
39611e93-863b-479a-95b3-7ce02584e556,1004,Port Leonard,Inbound,409,2024-06-25,Shipment received
e4f33012-2cf8-4eb6-9363-f2b4cdbae5ec,1024,New Garry,Outbound,-471,2024-10-15,Routine stock adjustment
989d02ec-89d1-4457-80af-cd9ed7beed93,1039,Gemmamouth,Outbound,-82,2024-07-02,
07e5c5f1-0fd6-44d0-953c-9af3025226f1,1023,Greenstad,Adjustment,281,2024-07-13,Outbound delivery processed
cacfbc42-a4c4-4560-b04e-b49b73f6c815,1047,Smithburgh,Inbound,168,2024-03-17,Outbound delivery processed
2469c3b5-ca37-41f1-9928-aaf72455df7f,1011,Port Tina,Inbound,0,2024-11-28,Routine stock adjustment
9e2ee1d1-e28a-49b8-8a4c-ec8f73bf90e7,1029,South Gemmatown,Inbound,-181,2024-07-29,Damaged goods removed
ff58bf4b-5c35-4a4c-9037-f01f4186ebe8,1008,Carterborough,Outbound,-101,2024-07-10,
2584e57a-2413-4b79-8b3b-2bdab377c31b,1035,Marianhaven,Adjustment,128,2024-04-22,Shipment received
35b3ea37-345d-48c1-9ad4-56b6d3cbb6a7,1006,Port Timothyview,Outbound,183,2024-04-23,
7a13f6fc-5e38-41d1-9842-37e5fb02b0e1,1007,Lake Juliebury,Outbound,226,2024-04-11,
92af8542-a61f-4622-9b2d-7f13958da9b1,1014,Stevenville,Outbound,196,2024-07-20,
5be198a4-635c-4259-a3ae-aea3cba6a8d1,1007,Nataliestad,Inbound,213,2024-11-30,Shipment received
fe58a581-c467-4017-ae1c-f94126fb5550,1048,Faulknerview,Adjustment,183,2024-01-18,Outbound delivery processed
696d1b72-30b1-49bc-b038-d0f99d4955aa,1034,Jamieborough,Outbound,162,2024-06-13,
962286a8-b236-4e7d-9bdc-1adc39013370,1023,Parrytown,Inbound,-484,2024-01-18,Damaged goods removed
b381cdf8-31fb-4e80-8ba6-8ee1963a9e98,1021,Port Shane,Adjustment,489,2024-01-24,Shipment received
ec25f6d0-e367-4901-9c6b-ae1d4b8b7ea9,1042,Port Christophermouth,Inbound,275,2024-02-26,
c0af6ca2-c7ce-45e4-b14c-4f15c255a581,1026,Smithmouth,Adjustment,478,2024-09-15,Outbound delivery processed
d50fa15b-21a9-47a7-943c-bb2e337f6b0c,1003,North Mauricetown,Adjustment,93,2024-08-04,Outbound delivery processed
0fc25eeb-5db4-4a56-be65-9558d5180e3e,1019,North Charlietown,Outbound,-127,2024-06-02,Routine stock adjustment
aa4dff1f-7b98-405f-96b5-172cd80bd00b,1014,Victoriahaven,Outbound,-73,2024-03-30,Damaged goods removed
5a91a970-e5b5-4aad-b8fc-36fcb1cd62d6,1001,Lake Brianmouth,Adjustment,-216,2024-02-14,Routine stock adjustment
8cd76f0f-bf21-4a62-afcf-14875b1a463b,1048,New Oliverport,Adjustment,473,2024-11-04,Routine stock adjustment
34cc93d8-8584-4d65-a233-3b6b92d22515,1024,Marshton,Inbound,121,2024-05-26,Shipment received
1e9c8fe4-c895-4e47-a821-6a22769a3b8d,1015,South Nicholastown,Outbound,121,2024-07-01,Routine stock adjustment
4f87817b-79fb-4fb0-99b1-f96147a0ccb5,1045,Dianafurt,Adjustment,-249,2024-08-08,
cea69bf0-5eed-4dc3-8ff9-5a74ada3b79a,1026,Lake Reecefort,Outbound,-132,2024-05-13,Shipment received
1f1a9739-52a7-492e-bc49-a75caa5aba95,1005,West Paulburgh,Outbound,-56,2024-02-17,Damaged goods removed
03e5e2fd-77e3-48d3-a06f-61a4b891db8b,1045,New Marcfurt,Inbound,-155,2024-04-08,Outbound delivery processed
686665da-d5b8-447f-b329-cf70b2a9aeab,1024,Lake Pamela,Adjustment,466,2024-07-07,
7d8a3081-b017-47d6-b364-bf80b5b3e1fb,1020,Meganland,Adjustment,403,2024-06-11,
2a6ff76e-f917-432a-93a6-894649e1dc1e,1017,South Cameron,Outbound,381,2024-06-03,Damaged goods removed
9f6ceee5-18ee-436d-a02a-2678597d34f9,1003,Susanberg,Inbound,492,2024-03-15,Shipment received
074fa104-03f2-407c-87b9-e8e8503a92ab,1025,Lake Jonathan,Adjustment,196,2024-04-08,
7c2eb9ba-4158-467a-861e-af17853035e1,1034,Scottland,Outbound,-198,2024-03-30,Damaged goods removed
c1c51819-158d-456c-b48d-857bfee96028,1013,South Sallyland,Inbound,-197,2024-09-09,
595ad18c-3469-4323-8030-22c89fd28952,1003,Frankborough,Adjustment,359,2024-02-05,Outbound delivery processed
d6d7e151-02a6-4a79-921c-0afa87da0a67,1039,Suttonside,Adjustment,-6,2024-08-08,Routine stock adjustment
b8acf4b5-51ce-4452-b250-a1491467af8d,1048,Begumberg,Outbound,-251,2024-07-01,
93e88c39-9d25-4816-967f-4125b3b0ed9f,1028,Port Philip,Inbound,432,2024-10-18,Damaged goods removed
2187239d-4057-4a26-96fc-fcb8e7a8b5e7,1024,Burgessmouth,Outbound,403,2024-03-13,Shipment received
2092b049-fb8a-462d-ae2c-24fdf77d500b,1005,North Leanneview,Inbound,15,2024-05-06,Damaged goods removed
6098a7ec-951f-4d96-848f-12ac91b11a2e,1038,East Mitchellfort,Outbound,-291,2024-11-22,Outbound delivery processed
2c9752a0-0707-44ec-b882-d9a538dec3ae,1023,Annettebury,Inbound,-153,2024-10-18,
8c8dfbd0-0c60-4647-aef6-e2a80d6d8e40,1007,Wrightville,Inbound,332,2024-02-26,Outbound delivery processed
8e1a07ba-2f15-4915-8b1b-7280e7e0e603,1029,Harrietstad,Adjustment,31,2024-01-04,
c9bd2f20-9505-4fc9-b152-d54d6f08e58d,1038,Port Gerald,Outbound,233,2024-02-17,Routine stock adjustment
f9f5ebb5-7d6f-4320-9d8b-579fc3680efb,1022,North Eleanor,Inbound,-128,2024-11-13,Shipment received
050ecc6b-5ca0-4828-bace-52e27c4acf0c,1020,South Stuart,Adjustment,-361,2024-08-01,Outbound delivery processed
e304ad3f-7e0f-4530-96b2-2e1ec1b57b72,1036,New Mariaville,Outbound,-14,2024-03-09,Routine stock adjustment
ee5f0a21-1ddb-43b0-9d52-4cdea913fdb0,1016,New Roger,Inbound,-281,2024-08-08,Outbound delivery processed
d9a4df57-f49e-4677-9aba-7af35849494e,1012,Garryfort,Outbound,-77,2024-08-15,Damaged goods removed
